产品名字,产品型号,产品价格,产品以前价格,产品颜色,产品尺寸,产品详情,产品图片,产品标题,产品位置,适合人群,产品页面编号,产品url
goods_name,goods_model,goods_price,goods_discount_price,goods_color,goods_size,goods_details,goods_images,goods_title,goods_num,gender,goods_page,goods_url
Jordan Classic99 Metal Jumpman,899657-100,￥249,￥0,白色,['all'],"['休闲舒适', 'Jordan Classic99 Metal Jumpman 可调节运动帽搭配经典 Jumpman 标志，展现出众风采。六片式拼接塑就经典贴合感，可调节扣带设计带来专属包覆效果。', '其他细节', '六片式拼接设计搭配衬里镶边，塑就舒适佩戴感受', '刺绣孔眼，提升透气效果', '背面扣带设计，可供自主调节贴合感', '产品细节', '面料/前片里料：57% 棉/43% 聚酯纤维。下帽檐：100% 聚酯纤维。', '不可洗涤', '显示颜色： 白色', '款式： 899657-100', '敬请注意，同款但不同配色的商品有可能在材质等方面有些许差异，本页面中的商品介绍内容仅供参考，商品具体信息请以实物为准。如商品介绍内容中包含 Nike Flyknit 或气垫相关信息，请点击此', '，获取产品技术说明和穿着注意事项。']",['https://c.static-nike.com/a/images/t_PDP_1280_v1/f_auto/lfhnkjxx7vlm9dozziqz/jordan-classic99-metal-jumpman-可调节运动帽-95MqFf.jpg'],可调节运动帽,1,womens,2,https://www.nike.com/cn/t/jordan-classic99-metal-jumpman-%E5%8F%AF%E8%B0%83%E8%8A%82%E8%BF%90%E5%8A%A8%E5%B8%BD-95MqFf/899657-100
Jordan Classic99 Metal Jumpman,899657-010,￥249,￥0,黑,['all'],"['休闲舒适', 'Jordan Classic99 Metal Jumpman 可调节运动帽搭配经典 Jumpman 标志，展现出众风采。六片式拼接塑就经典贴合感，可调节扣带设计带来专属包覆效果。', '其他细节', '六片式拼接设计搭配衬里镶边，塑就舒适佩戴感受', '刺绣孔眼，提升透气效果', '背面扣带设计，可供自主调节贴合感', '产品细节', '面料/前片里料：57% 棉/43% 聚酯纤维。下帽檐：100% 聚酯纤维。', '不可洗涤', '显示颜色： 黑', '款式： 899657-010', '敬请注意，同款但不同配色的商品有可能在材质等方面有些许差异，本页面中的商品介绍内容仅供参考，商品具体信息请以实物为准。如商品介绍内容中包含 Nike Flyknit 或气垫相关信息，请点击此', '，获取产品技术说明和穿着注意事项。']",['https://c.static-nike.com/a/images/t_PDP_1280_v1/f_auto/tqsbns7vruowdniaq7ob/jordan-classic99-metal-jumpman-可调节运动帽-95MqFf.jpg'],可调节运动帽,1,womens,2,https://www.nike.com/cn/t/jordan-classic99-metal-jumpman-%E5%8F%AF%E8%B0%83%E8%8A%82%E8%BF%90%E5%8A%A8%E5%B8%BD-95MqFf/899657-010
Nike PS x PG QS,CD4134-010,￥229,￥0,黑,['all'],"['投入比賽', 'Nike PS x PG QS 针织帽采用柔软保暖的纱线和可拆卸绒球，缔造专属外观。', '其他细节', '腈纶纱线，柔软保暖', '可拆卸绒球，打造多样造型', '产品细节', '面料：100% 腈纶', '手洗', '显示颜色： 黑', '款式： CD4134-010', '敬请注意，同款但不同配色的商品有可能在材质等方面有些许差异，本页面中的商品介绍内容仅供参考，商品具体信息请以实物为准。如商品介绍内容中包含 Nike Flyknit 或气垫相关信息，请点击此', '，获取产品技术说明和穿着注意事项。']",['https://c.static-nike.com/a/images/t_PDP_1280_v1/f_auto/prm3wm2doldizv9fpkfu/ps-10-pg-qs-针织帽-6RwqNh.jpg'],针织帽,2,womens,2,https://www.nike.com/cn/t/ps-10-pg-qs-%E9%92%88%E7%BB%87%E5%B8%BD-6RwqNh
Nike Dri-FIT Flash,AC4397-082,￥119,￥0,黑/黑/银,['all'],"['速干舒适，助力畅跑', 'Nike Dri-FIT Flash\xa0JDI 跑步头带（1 条）采用速干技术打造，令你畅享干爽舒适的跑步体验。宽带设计，有助于稳固头带。', '其他细节', 'Dri-FIT 技术，帮助保持干爽舒适', '宽带设计，稳固包覆', '产品细节', '反光细节', '面料：89% 聚酯纤维/11% 氨纶。', '可机洗', '显示颜色： 黑/黑/银', '款式： AC4397-082', '敬请注意，同款但不同配色的商品有可能在材质等方面有些许差异，本页面中的商品介绍内容仅供参考，商品具体信息请以实物为准。如商品介绍内容中包含 Nike Flyknit 或气垫相关信息，请点击此', '，获取产品技术说明和穿着注意事项。']",['https://c.static-nike.com/a/images/t_PDP_1280_v1/f_auto/yazdyvdh1mhz6eilbl1v/dri-fit-flash-jdi-跑步头带（1-条）-HMqpxB.jpg'],JDI 跑步头带（1 条）,3,womens,2,https://www.nike.com/cn/t/dri-fit-flash-jdi-%E8%B7%91%E6%AD%A5%E5%A4%B4%E5%B8%A6%EF%BC%881-%E6%9D%A1%EF%BC%89-HMqpxB
Nike Run AW84,BV7717-476,￥179,￥0,游戏宝蓝/亮深红,['all'],"['经典舒适，助力畅跑', 'Nike Run AW84\xa0(Shanghai) 可调节跑步运动帽采用经典款型和可调节设计，打造舒适的个性化跑步佩戴体验。', '其他细节', '背面可调式扣带打造个性化的贴合感', '五片式拼接设计，耐用舒适', '产品细节', '敬请注意，同款但不同配色的商品有可能在材质等方面有些许差异，本页面中的商品介绍内容仅供参考，商品具体信息请以实物为准。如商品介绍内容中包含 Nike Flyknit 或气垫相关信息，请点击', '，获取产品技术说明和穿着注意事项。']",['https://c.static-nike.com/a/images/t_PDP_1280_v1/f_auto/ilgwuegmw2zrcxv3oe3i/run-aw84-可调节跑步运动帽-RkFMLw.jpg'],(Shanghai) 可调节跑步运动帽,4,womens,2,https://www.nike.com/cn/t/run-aw84-%E5%8F%AF%E8%B0%83%E8%8A%82%E8%B7%91%E6%AD%A5%E8%BF%90%E5%8A%A8%E5%B8%BD-RkFMLw
Nike SB,AA9976-652,￥199,￥0,鲜亮勃艮第酒红/白色/黑,['all'],"['日常基本之选', 'Nike SB 滑板针织帽妥善贴合头部，无论是街头出行还是滑板运动皆可营造出色包覆效果，是一款适合日常佩戴的经典单品。', '其他细节', '腈纶面料，柔软保暖', '翻边软帽设计，令你随心切换风格', '帽口饰有 Nike SB 提环标签', '产品细节', '面料：100% 腈纶', '手洗', '显示颜色： 鲜亮勃艮第酒红/白色/黑', '款式： AA9976-652', '敬请注意，同款但不同配色的商品有可能在材质等方面有些许差异，本页面中的商品介绍内容仅供参考，商品具体信息请以实物为准。如商品介绍内容中包含 Nike Flyknit 或气垫相关信息，请点击', '，获取产品技术说明和穿着注意事项。']",['https://c.static-nike.com/a/images/t_PDP_1280_v1/f_auto/ybdyfoqlfe6ktq3kibjo/sb-滑板针织帽-B8QFl4.jpg'],滑板针织帽,5,womens,2,https://www.nike.com/cn/t/sb-%E6%BB%91%E6%9D%BF%E9%92%88%E7%BB%87%E5%B8%BD-B8QFl4/AA9976-652
Nike SB,AA9976-010,￥199,￥0,黑/白色/黑,['all'],"['日常基本之选', 'Nike SB 滑板针织帽妥善贴合头部，无论是街头出行还是滑板运动皆可营造出色包覆效果，是一款适合日常佩戴的经典单品。', '其他细节', '腈纶面料，柔软保暖', '翻边软帽设计，令你随心切换风格', '帽口饰有 Nike SB 提环标签', '产品细节', '面料：100% 腈纶', '手洗', '显示颜色： 黑/白色/黑', '款式： AA9976-010', '敬请注意，同款但不同配色的商品有可能在材质等方面有些许差异，本页面中的商品介绍内容仅供参考，商品具体信息请以实物为准。如商品介绍内容中包含 Nike Flyknit 或气垫相关信息，请点击', '，获取产品技术说明和穿着注意事项。']",['https://c.static-nike.com/a/images/t_PDP_1280_v1/f_auto/gidwsqyabvswfc8pfrs3/sb-滑板针织帽-B8QFl4.jpg'],滑板针织帽,5,womens,2,https://www.nike.com/cn/t/sb-%E6%BB%91%E6%9D%BF%E9%92%88%E7%BB%87%E5%B8%BD-B8QFl4/AA9976-010
Nike SB Performance,629243-010,￥169,￥0,黑/黑/黑/白色,['all'],"['经典造型，非凡透气', 'Nike SB Performance 运动帽采用凸起刺绣元素巧搭开放式网眼拼接和平檐剪裁，缔造经典风格和非凡透气性。', '其他细节', '六片式拼接设计配搭衬里镶边，舒适贴合', '刺绣式孔眼搭配网眼拼接设计带来出色透气性', '背面按扣设计，可随头围调节贴合感', '正面刺绣标志突显时尚气息', '产品细节', '面料：100% 聚酯纤维。前片拼接（背面）：92% 聚酯纤维/8% 棉。拼接背面部分：100% 聚酯纤维', '手洗', '显示颜色： 黑/黑/黑/白色', '款式： 629243-010', '产品信息描述以629243-010产品为参照，实物的具体信息若与参照物和网站产品图片有出入，请以实物为准。如有其它疑问，请联系我们。']",['https://c.static-nike.com/a/images/t_PDP_1280_v1/f_auto/yixr6vwcorrv10kw69zo/sb-performance-运动帽-XN8Rvn.jpg'],运动帽,6,womens,2,https://www.nike.com/cn/t/sb-performance-%E8%BF%90%E5%8A%A8%E5%B8%BD-XN8Rvn/629243-010
Nike SB Performance,629243-462,￥169,￥0,黑曜石色/风暴粉,['all'],"['经典造型，非凡透气', 'Nike SB Performance 运动帽采用凸起刺绣元素巧搭开放式网眼拼接和平檐剪裁，缔造经典风格和非凡透气性。', '其他细节', '六片式拼接设计配搭衬里镶边，舒适贴合', '刺绣式孔眼搭配网眼拼接设计带来出色透气性', '背面按扣设计，可随头围调节贴合感', '正面刺绣标志突显时尚气息', '产品细节', '面料/拼接背面部分：100% 聚酯纤维。前片拼接（背面）：92% 聚酯纤维/8% 棉。', '手洗', '显示颜色： 黑曜石色/风暴粉', '款式： 629243-462', '敬请注意，同款但不同配色的商品有可能在材质等方面有些许差异，本页面中的商品介绍内容仅供参考，商品具体信息请以实物为准。如商品介绍内容中包含 Nike Flyknit 或气垫相关信息，请点击', '，获取产品技术说明和穿着注意事项。']",['https://c.static-nike.com/a/images/t_PDP_1280_v1/f_auto/hg64dsxnaupms6qsujy3/sb-performance-运动帽-XN8Rvn.jpg'],运动帽,6,womens,2,https://www.nike.com/cn/t/sb-performance-%E8%BF%90%E5%8A%A8%E5%B8%BD-XN8Rvn/629243-462
Nike SB Fisherman,628684-011,￥199,￥0,黑/白色,['all'],"['轻盈保暖', '罗纹结构，舒适耐穿', '腈纶面料质感柔软，轻盈保暖', '翻边设计，舒适贴合头部', '产品细节', '面料：100% 腈纶', '手洗', '显示颜色： 黑/白色', '款式： 628684-011', '敬请注意，同款但不同配色的商品有可能在材质等方面有些许差异，本页面中的商品介绍内容仅供参考，商品具体信息请以实物为准。如商品介绍内容中包含 Nike Flyknit 或气垫相关信息，请点击此', '，获取产品技术说明和穿着注意事项。']",['https://c.static-nike.com/a/images/t_PDP_1280_v1/f_auto/fobtknpoqix7vlmob4th/sb-fisherman-针织帽-w0rb6L.jpg'],针织帽,7,womens,2,https://www.nike.com/cn/t/sb-fisherman-%E9%92%88%E7%BB%87%E5%B8%BD-w0rb6L/628684-011
Nike SB,AV7883-248,￥169,￥0,沙漠矿石黄,['all'],"['迷彩设计，经典外观', 'Nike SB Trucker\xa0滑板运动帽采用高帽冠、平整帽檐结合网眼拼接设计，塑就出众结构感和凉爽舒适感受。', '其他细节', '侧边和背面搭配网眼拼接设计，提升透气性', '按扣式扣合设计，可供自由调节贴合效果', '精制汗带，柔软舒适', '产品细节', '正面拼接和帽檐饰有迷彩印花', '正面仿皮贴片印有凹刻 Nike SB 标志', '面料：100% 棉。前片拼接（背面）/网眼布：100% 聚酯纤维。', '手洗', '显示颜色： 沙漠矿石黄', '款式： AV7883-248', '敬请注意，同款但不同配色的商品有可能在材质等方面有些许差异，本页面中的商品介绍内容仅供参考，商品具体信息请以实物为准。如商品介绍内容中包含 Nike Flyknit 或气垫相关信息，请点击此', '，获取产品技术说明和穿着注意事项。']",['https://c.static-nike.com/a/images/t_PDP_1280_v1/f_auto/iiagb4lns7klwm8vjhjf/sb-trucker-滑板运动帽-NbS7Bh.jpg'],Trucker 滑板运动帽,8,womens,2,https://www.nike.com/cn/t/sb-trucker-%E6%BB%91%E6%9D%BF%E8%BF%90%E5%8A%A8%E5%B8%BD-NbS7Bh
Nike SB,AV7885-220,￥199,￥0,丝绒棕,['all'],"['织物设计，别致风格', 'Nike SB\xa0滑板运动帽为你带来可调节的舒适贴合感受。侧边拼接巧搭设计灵感源自传统危地马拉织物的彩色图案。', '其他细节', 'Dri-FIT 技术，帮助保持干爽舒适，缔造心无旁骛的运动体验', '织物汗带，柔软导湿', '图案的设计灵感源自危地马拉面料印花', '背面可调节扣合设计，营造出色贴合感', '产品细节', '面料：100% 棉。拼接：100% 聚酯纤维。里料：91% 聚酯纤维/9% 氨纶。', '手洗', '显示颜色： 丝绒棕', '款式： AV7885-220', '敬请注意，同款但不同配色的商品有可能在材质等方面有些许差异，本页面中的商品介绍内容仅供参考，商品具体信息请以实物为准。如商品介绍内容中包含 Nike Flyknit 或气垫相关信息，请点击此', '，获取产品技术说明和穿着注意事项。']",['https://c.static-nike.com/a/images/t_PDP_1280_v1/f_auto/fi6yhzlz46jkfpxl015g/sb-滑板运动帽-G9WZCQ.jpg'],滑板运动帽,9,womens,2,https://www.nike.com/cn/t/sb-%E6%BB%91%E6%9D%BF%E8%BF%90%E5%8A%A8%E5%B8%BD-G9WZCQ
Nike Dri-FIT 2.0,AC3685-101,￥99,￥0,白色/黑,['all'],"['舒适贴合， 舒适出众', 'Nike Dri-FIT 2.0 训练头带（1 条）采用弹性面料，可有效导湿速干，为你缔造出众舒适体验。', '其他细节', 'Dri-FIT 技术，帮助保持干爽舒适', '斜纹针织结构塑就柔软触感和出色耐用性', '产品细节', '面料：95% 锦纶/5% 二烯类弹性纤维', '可机洗', '显示颜色： 白色/黑', '款式： AC3685-101', '敬请注意，同款但不同配色的商品有可能在材质等方面有些许差异，本页面中的商品介绍内容仅供参考，商品具体信息请以实物为准。如商品介绍内容中包含 Nike Flyknit 或气垫相关信息，请点击', '，获取产品技术说明和穿着注意事项。']",['https://c.static-nike.com/a/images/t_PDP_1280_v1/f_auto/qgvr0mhvkkurk93zg0wm/dri-fit-2-训练头带（1条）-NwTznAJo.jpg'],训练头带（1 条）,10,womens,2,https://www.nike.com/cn/t/dri-fit-2-%E8%AE%AD%E7%BB%83%E5%A4%B4%E5%B8%A6%EF%BC%881%E6%9D%A1%EF%BC%89-NwTznAJo/AC3685-101
Nike Dri-FIT 2.0,AC3685-001,￥99,￥0,黑/白色,['all'],"['紧密贴合，舒适出众', 'Nike Dri-FIT 2.0 训练头带（1 条）采用弹性面料，可有效排除肤表汗液，为你缔造出众舒适体验。', '其他细节', 'Dri-FIT 技术，帮助保持干爽舒适', '斜纹针织结构塑就柔软触感和出色耐用性', '产品细节', '面料：95% 锦纶/5% 二烯类弹性纤维', '可机洗', '显示颜色： 黑/白色', '款式： AC3685-001', '产品信息描述以AC3685-001产品为参照，实物的具体信息若与参照物和网站产品图片有出入，请以实物为准。如有其它疑问，请联系我们。']",['https://c.static-nike.com/a/images/t_PDP_1280_v1/f_auto/dzs6csfnfey3jqdjmwwk/dri-fit-2-训练头带（1条）-NwTznAJo.jpg'],训练头带（1 条）,10,womens,2,https://www.nike.com/cn/t/dri-fit-2-%E8%AE%AD%E7%BB%83%E5%A4%B4%E5%B8%A6%EF%BC%881%E6%9D%A1%EF%BC%89-NwTznAJo/AC3685-001
Nike Printed,AC3740-090,￥189,￥0,黑/暗灰/狼灰,['all'],"['弹力舒适', 'Nike Printed 头带（6 条）在训练中稳固贴合头部，有效减少头发干扰视线。', '其他细节', '弹性面料，舒适贴合', '头带添加硅胶设计，稳固贴合', '产品细节', '宽度：约1.27 厘米', '材质：70% 聚酯纤维/20% 二烯类弹性纤维/10% 硅胶', '可机洗', '显示颜色： 黑/暗灰/狼灰', '款式： AC3740-090', '敬请注意，同款但不同配色的商品有可能在材质等方面有些许差异，本页面中的商品介绍内容仅供参考，商品具体信息请以实物为准。如商品介绍内容中包含 Nike Flyknit 或气垫相关信息，请点击', '，获取产品技术说明和穿着注意事项。']",['https://c.static-nike.com/a/images/t_PDP_1280_v1/f_auto/zlhkwsmmgsnj4zhm7gkz/printed-头带（6-条）-lRApNE.jpg'],头带（6 条）,11,womens,2,https://www.nike.com/cn/t/printed-%E5%A4%B4%E5%B8%A6%EF%BC%886-%E6%9D%A1%EF%BC%89-lRApNE/AC3740-090
Nike Printed,AC3740-964,￥189,￥0,多色/白色/白色/黑,['all'],"['弹力舒适', 'Nike Printed 头带（6 条）在训练中稳固贴合头部，有效减少头发干扰视线。', '其他细节', '弹性面料，舒适贴合', '头带添加硅胶设计，稳固贴合', '产品细节', '宽度：约1.27 厘米', '材质：70% 聚酯纤维/20% 二烯类弹性纤维/10% 硅胶', '可机洗', '显示颜色： 多色/白色/白色/黑', '款式： AC3740-964', '敬请注意，同款但不同配色的商品有可能在材质等方面有些许差异，本页面中的商品介绍内容仅供参考，商品具体信息请以实物为准。如商品介绍内容中包含 Nike Flyknit 或气垫相关信息，请点击', '，获取产品技术说明和穿着注意事项。']",['https://c.static-nike.com/a/images/t_PDP_1280_v1/f_auto/txmlxwgbcgwu7oxfzfaq/printed-头带（6-条）-lRApNE.jpg'],头带（6 条）,11,womens,2,https://www.nike.com/cn/t/printed-%E5%A4%B4%E5%B8%A6%EF%BC%886-%E6%9D%A1%EF%BC%89-lRApNE/AC3740-964
Nike Heathered Swoosh Sport,AC4347-073,￥109,￥0,调色暗灰/调色暗灰/调色暗灰,['all'],"['弹力舒适', 'Nike Heathered Swoosh Sport\xa0头带（3 条）采用弹性面料，带来舒适贴合的佩戴体验。', '其他细节', '松紧带设计弹性出众，营造舒适贴合感', '产品细节', '敬请注意，同款但不同配色的商品有可能在材质等方面有些许差异，本页面中的商品介绍内容仅供参考，商品具体信息请以实物为准。如商品介绍内容中包含 Nike Flyknit 或气垫相关信息，请点击', '，获取产品技术说明和穿着注意事项。']",['https://c.static-nike.com/a/images/t_PDP_1280_v1/f_auto/lddgpbpsocuo21gxbvua/heathered-swoosh-sport-头带（3-条）-7Rvgw8.jpg'],头带（3 条）,12,womens,2,https://www.nike.com/cn/t/heathered-swoosh-sport-%E5%A4%B4%E5%B8%A6%EF%BC%883-%E6%9D%A1%EF%BC%89-7Rvgw8/AC4347-073
Nike Heathered Swoosh Sport,AC4347-049,￥109,￥0,调色黑/调色暗灰/调色黑,['all'],"['弹力舒适', 'Nike Heathered Swoosh Sport\xa0头带（3 条）采用弹性面料，带来舒适贴合的佩戴体验。', '其他细节', '松紧带设计弹性出众，营造舒适贴合感', '产品细节', '敬请注意，同款但不同配色的商品有可能在材质等方面有些许差异，本页面中的商品介绍内容仅供参考，商品具体信息请以实物为准。如商品介绍内容中包含 Nike Flyknit 或气垫相关信息，请点击', '，获取产品技术说明和穿着注意事项。']",['https://c.static-nike.com/a/images/t_PDP_1280_v1/f_auto/gntywt0dspch12rniqdv/heathered-swoosh-sport-头带（3-条）-7Rvgw8.jpg'],头带（3 条）,12,womens,2,https://www.nike.com/cn/t/heathered-swoosh-sport-%E5%A4%B4%E5%B8%A6%EF%BC%883-%E6%9D%A1%EF%BC%89-7Rvgw8/AC4347-049
Nike Solid Pro Swoosh,AC9757-670,￥129,￥0,风暴粉/铁架黑,['all'],"['专注体验', 'Nike Solid Pro Swoosh\xa0训练头带（1 条）采用柔软弹性带设计，在训练期间减少汗液扰乱视线及头发干扰脸部。', '产品细节', '敬请注意，同款但不同配色的商品有可能在材质等方面有些许差异，本页面中的商品介绍内容仅供参考，商品具体信息请以实物为准。如商品介绍内容中包含 Nike Flyknit 或气垫相关信息，请点击', '，获取产品技术说明和穿着注意事项。']",['https://c.static-nike.com/a/images/t_PDP_1280_v1/f_auto/mwuqrqbsbmo00xyoev2o/solid-pro-swoosh-训练头带（1-条）-Qj4qzC.jpg'],训练头带（1 条）,13,womens,2,https://www.nike.com/cn/t/solid-pro-swoosh-%E8%AE%AD%E7%BB%83%E5%A4%B4%E5%B8%A6%EF%BC%881-%E6%9D%A1%EF%BC%89-Qj4qzC
Nike Swoosh Cuffed,876501-011,￥199,￥0,黑/白色/白色,['all'],"['稳固贴合，导湿速干', 'Nike Swoosh Cuffed 训练针织帽采用速干面料结合翻边款式设计，在寒冷天气的训练活动中缔造非凡舒适、稳固贴合的佩戴感受。', '其他细节', 'Dri-FIT 面料，帮助保持干爽舒适', '平缝结构，赋予头部顺滑触感', '翻边设计，带来稳固的贴合感', '产品细节', '面料：62% 棉/38% 聚酯纤维。拼接：100% 腈纶。', '手洗', '显示颜色： 黑/白色/白色', '款式： 876501-011', '敬请注意，同款但不同配色的商品有可能在材质等方面有些许差异，本页面中的商品介绍内容仅供参考，商品具体信息请以实物为准。如商品介绍内容中包含 Nike Flyknit 或气垫相关信息，请点击', '，获取产品技术说明和穿着注意事项。']",['https://c.static-nike.com/a/images/t_PDP_1280_v1/f_auto/ntmjnehgawkkvjeqp12c/swoosh-cuffed-训练针织帽-3HjlMg.jpg'],训练针织帽,14,womens,2,https://www.nike.com/cn/t/swoosh-cuffed-%E8%AE%AD%E7%BB%83%E9%92%88%E7%BB%87%E5%B8%BD-3HjlMg
Nike Pro Swoosh,AC4351-016,￥129,￥0,调色黑/黑,['all'],"['专注体验', 'Nike Pro Swoosh 训练头带（1 条）采用柔软弹性带设计，在训练期间减少汗液扰乱视线及头发干扰脸部。', '产品细节', '敬请注意，同款但不同配色的商品有可能在材质等方面有些许差异，本页面中的商品介绍内容仅供参考，商品具体信息请以实物为准。如商品介绍内容中包含 Nike Flyknit 或气垫相关信息，请点击', '，获取产品技术说明和穿着注意事项。']",['https://c.static-nike.com/a/images/t_PDP_1280_v1/f_auto/tk3cabo9a9usvq4hxmop/pro-swoosh-训练头带（1-条）-n7pjvs.jpg'],训练头带（1 条）,15,womens,2,https://www.nike.com/cn/t/pro-swoosh-%E8%AE%AD%E7%BB%83%E5%A4%B4%E5%B8%A6%EF%BC%881-%E6%9D%A1%EF%BC%89-n7pjvs
Nike Printed,AC3709-962,￥109,￥0,多色/白色/黑/白色,['all'],"['多变风格，舒适感受', 'Nike Printed 头带（3 条）采用混纺面料，巧妙融入混色图案设计，在激战中为你缔造舒适贴合感受与多变运动风范。', '产品细节', '弹性面料，舒适贴合', '面料：70% 聚酯纤维/20% 二烯类弹性纤维/10% 硅胶', '可机洗', '显示颜色： 多色/白色/黑/白色', '款式： AC3709-962', '敬请注意，同款但不同配色的商品有可能在材质等方面有些许差异，本页面中的商品介绍内容仅供参考，商品具体信息请以实物为准。如商品介绍内容中包含 Nike Flyknit 或气垫相关信息，请点击', '，获取产品技术说明和穿着注意事项。']",['https://c.static-nike.com/a/images/t_PDP_1280_v1/f_auto/munonifba0ot9oyqlzpc/printed-头带（3-条）-X2rnbK.jpg'],头带（3 条）,16,womens,2,https://www.nike.com/cn/t/printed-%E5%A4%B4%E5%B8%A6%EF%BC%883-%E6%9D%A1%EF%BC%89-X2rnbK
Nike Metallic,AC4350-931,￥149,￥0,多色/风暴粉/暗柠檬绿/铁架黑,['all'],"['整束头发', 'Nike Metallic 发带（3 条）采用舒适的弹性设计，有效减少头发干扰面部，助你专注训练。', '其他细节', '产品细节', '产品细节', '宽度：1.27 厘米', '材料：聚酯纤维/二烯类弹性纤维/硅胶', '显示颜色： 多色/风暴粉/暗柠檬绿/铁架黑', '款式： AC4350-931', '敬请注意，同款但不同配色的商品有可能在材质等方面有些许差异，本页面中的商品介绍内容仅供参考，商品具体信息请以实物为准。如商品介绍内容中包含 Nike Flyknit 或气垫相关信息，请点击', '，获取产品技术说明和穿着注意事项。']",['https://c.static-nike.com/a/images/t_PDP_1280_v1/f_auto/vcadxpmhnhczcgpuqvka/metallic-发带（3-条）-Q4sPsV.jpg'],发带（3 条）,17,womens,2,https://www.nike.com/cn/t/metallic-%E5%8F%91%E5%B8%A6%EF%BC%883-%E6%9D%A1%EF%BC%89-Q4sPsV
Nike Swoosh,AC2285-672,￥59,￥0,热恋红/狼灰,['all'],"['弹力舒适', 'Nike Swoosh 头带（1 条）是多项运动训练的理想选择，柔软的混纺棉料弹性十足，可以有效吸收汗液。', '其他细节', '柔软的混纺棉料有效减少汗液干扰视线', '弹性面料舒适贴合', '产品细节', '面料：70% 棉/19% 锦纶/7% 聚酯纤维/4% 二烯类弹性纤维', '可机洗', '显示颜色： 热恋红/狼灰', '款式： AC2285-672', '敬请注意，同款但不同配色的商品有可能在材质等方面有些许差异，本页面中的商品介绍内容仅供参考，商品具体信息请以实物为准。如商品介绍内容中包含 Nike Flyknit 或气垫相关信息，请点击', '，获取产品技术说明和穿着注意事项。']",['https://c.static-nike.com/a/images/t_PDP_1280_v1/f_auto/m5a60ed0sdzfkm1ydbjw/swoosh-头带（1-条）-R8fBh2.jpg'],头带（1 条）,18,womens,2,https://www.nike.com/cn/t/swoosh-%E5%A4%B4%E5%B8%A6%EF%BC%881-%E6%9D%A1%EF%BC%89-R8fBh2/AC2285-672
Nike Swoosh,AC2285-402,￥59,￥0,宝蓝/白色/白色,['all'],"['弹力舒适', 'Nike Swoosh 头带（1 条）是多项运动训练的理想选择，柔软的混纺棉料弹性十足，可以有效吸收汗液。', '其他细节', '柔软的混纺棉料有效减少汗液干扰视线', '弹性面料舒适贴合', '产品细节', '面料：70% 棉/19% 锦纶/7% 聚酯纤维/4% 二烯类弹性纤维', '可机洗', '显示颜色： 宝蓝/白色/白色', '款式： AC2285-402', '敬请注意，同款但不同配色的商品有可能在材质等方面有些许差异，本页面中的商品介绍内容仅供参考，商品具体信息请以实物为准。如商品介绍内容中包含 Nike Flyknit 或气垫相关信息，请点击', '，获取产品技术说明和穿着注意事项。']",['https://c.static-nike.com/a/images/t_PDP_1280_v1/f_auto/e5qf1kvk3t5av1webubq/swoosh-头带（1-条）-R8fBh2.jpg'],头带（1 条）,18,womens,2,https://www.nike.com/cn/t/swoosh-%E5%A4%B4%E5%B8%A6%EF%BC%881-%E6%9D%A1%EF%BC%89-R8fBh2/AC2285-402
NikeCourt Featherlight,679421-100,￥159,￥0,白色/黑/白色/黑,['all'],"['透气舒适，激战制霸', 'NikeCourt Featherlight 可调节网球运动帽采用黑色下帽檐设计，有效减少刺眼光线，赋予你心无旁骛的凉爽运动体验。', '其他细节', 'Dri-FIT 面料助你保持干爽舒适', '网眼布拼接与打孔式衬里拼接相结合，塑就出色透气性', '黑色下帽檐设计减少炫光', '背面魔术贴粘扣搭配反光提拉设计，可定制专属贴合感与出色的视觉可见度', '产品细节', '面料/里料：100% 聚酯纤维', '手洗', '显示颜色： 白色/黑/白色/黑', '款式： 679421-100', '敬请注意，同款但不同配色的商品有可能在材质等方面有些许差异，本页面中的商品介绍内容仅供参考，商品具体信息请以实物为准。']",['https://c.static-nike.com/a/images/t_PDP_1280_v1/f_auto/c1distcx60p7ehawjube/nikecourt-featherlight-可调节网球运动帽-h6mMZR.jpg'],可调节网球运动帽,19,womens,2,https://www.nike.com/cn/t/nikecourt-featherlight-%E5%8F%AF%E8%B0%83%E8%8A%82%E7%BD%91%E7%90%83%E8%BF%90%E5%8A%A8%E5%B8%BD-h6mMZR/679421-100
NikeCourt Featherlight,679421-010,￥159,￥0,黑/黑/黑/白色,['all'],"['透气舒适，激战制霸', 'Nike Feather Light 可调节网球运动帽采用导湿速干面料，巧妙搭配网眼布透气设计，为你缔造舒适贴合感与出色透气性。黑色下帽檐设计减少炫光，赋予你心无旁骛的运动体验。', '其他细节', 'Dri-FIT 面料助你保持干爽舒适', '网眼布拼接与打孔式衬里拼接相结合，塑就出色透气性', '黑色下帽檐设计减少炫光', '背面魔术贴粘扣搭配反光提拉设计，可定制专属贴合感与出色的视觉可见度', '产品细节', '面料：100% 聚酯纤维。里料：100% 聚酯纤维。', '手洗', '显示颜色： 黑/黑/黑/白色', '款式： 679421-010', '敬请注意，同款但不同配色的商品有可能在材质等方面有些许差异，本页面中的商品介绍内容仅供参考，商品具体信息请以实物为准。']",['https://c.static-nike.com/a/images/t_PDP_1280_v1/f_auto/z3bz9inia0pblinptyuw/nikecourt-featherlight-可调节网球运动帽-h6mMZR.jpg'],可调节网球运动帽,19,womens,2,https://www.nike.com/cn/t/nikecourt-featherlight-%E5%8F%AF%E8%B0%83%E8%8A%82%E7%BD%91%E7%90%83%E8%BF%90%E5%8A%A8%E5%B8%BD-h6mMZR/679421-010
NikeCourt AeroBill Rafa H86,850666-010,￥169,￥0,黑/白色,['all'],"['轻盈包覆', 'NikeCourt AeroBill H86 Rafa 可调节网球运动帽在球场为你缔造凉爽的防护体验。', '其他细节', 'AeroBill 技术有助排汗，营造轻盈透气感受', '优质汗带，有效吸汗', '刺绣孔眼，有效提升透气性', '黑色下帽沿设计减少炫光', '单手快速调节型扣带设计，打造定制般贴合感', '产品细节', '面料/里料/帽檐：100% 聚酯纤维', '可机洗', '显示颜色： 黑/白色', '款式： 850666-010', '产品信息描述以850666-010产品为参照，实物的具体信息若与参照物和网站产品图片有出入，请以实物为准。如有其它疑问，请联系我们。']",['https://c.static-nike.com/a/images/t_PDP_1280_v1/f_auto/q9wsvqzmtkrpegd2agne/nikecourt-aerobill-rafa-h86-可调节网球运动帽-4tKQtl.jpg'],可调节网球运动帽,20,womens,2,https://www.nike.com/cn/t/nikecourt-aerobill-rafa-h86-%E5%8F%AF%E8%B0%83%E8%8A%82%E7%BD%91%E7%90%83%E8%BF%90%E5%8A%A8%E5%B8%BD-4tKQtl/850666-010
NikeCourt AeroBill Rafa H86,850666-634,￥169,￥0,哈瓦那红/白色,['all'],"['轻盈包覆', 'NikeCourt AeroBill Rafa H86 可调节网球运动帽在球场为你缔造凉爽的防护体验。', '其他细节', 'AeroBill 技术有助导湿速干，营造轻盈透气感受', '刺绣孔眼，有效提升透气性', '下帽檐设计减少炫光', '单手快速调节型扣带设计，打造定制般贴合感', '产品细节', '敬请注意，同款但不同配色的商品有可能在材质等方面有些许差异，本页面中的商品介绍内容仅供参考，商品具体信息请以实物为准。如商品介绍内容中包含 Nike Flyknit 或气垫相关信息，请点击', '，获取产品技术说明和穿着注意事项。']",['https://c.static-nike.com/a/images/t_PDP_1280_v1/f_auto/dmpzxzhxukkgbvtta3ob/nikecourt-aerobill-rafa-h86-可调节网球运动帽-4tKQtl.jpg'],可调节网球运动帽,20,womens,2,https://www.nike.com/cn/t/nikecourt-aerobill-rafa-h86-%E5%8F%AF%E8%B0%83%E8%8A%82%E7%BD%91%E7%90%83%E8%BF%90%E5%8A%A8%E5%B8%BD-4tKQtl/850666-634
NikeCourt AeroBill,899656-100,￥129,￥0,白色/白色/黑/黑,['all'],"['轻盈包覆', 'NikeCourt AeroBill 女子网球遮阳帽在球场为你缔造凉爽的防护体验。', '其他细节', 'AeroBill 技术，营造轻盈透气感受', '网眼拼接设计，有效提升透气性', '黑色下帽檐设计减少炫光', '单手快速调节型扣带设计，打造定制般贴合感', '产品细节', '面料：100% 聚酯纤维。后拼接：100% 聚酯纤维。里料：91% 聚酯纤维/9% 氨纶。', '手洗', '显示颜色： 白色/白色/黑/黑', '款式： 899656-100', '敬请注意，同款但不同配色的商品有可能在材质等方面有些许差异，本页面中的商品介绍内容仅供参考，商品具体信息请以实物为准。如商品介绍内容中包含 Nike Flyknit 或气垫相关信息，请点击此', '，获取产品技术说明和穿着注意事项。']",['https://c.static-nike.com/a/images/t_PDP_1280_v1/f_auto/ucdvezeprzdwrfpifqbb/nikecourt-aerobill-女子网球遮阳帽-FKjm4s.jpg'],女子网球遮阳帽,21,womens,2,https://www.nike.com/cn/t/nikecourt-aerobill-%E5%A5%B3%E5%AD%90%E7%BD%91%E7%90%83%E9%81%AE%E9%98%B3%E5%B8%BD-FKjm4s/899656-100
NikeCourt AeroBill,899656-010,￥129,￥0,黑/黑/黑/白色,['all'],"['轻盈包覆', 'NikeCourt AeroBill 女子网球遮阳帽在球场为你缔造凉爽的防护体验。', '其他细节', 'AeroBill 技术，营造轻盈透气感受', '网眼拼接设计，有效提升透气性', '黑色下帽檐设计减少炫光', '单手快速调节型扣带设计，打造定制般贴合感', '产品细节', '面料：100% 聚酯纤维。后拼接：100% 聚酯纤维。里料：91% 聚酯纤维/9% 氨纶。', '手洗', '显示颜色： 黑/黑/黑/白色', '款式： 899656-010', '敬请注意，同款但不同配色的商品有可能在材质等方面有些许差异，本页面中的商品介绍内容仅供参考，商品具体信息请以实物为准。如商品介绍内容中包含 Nike Flyknit 或气垫相关信息，请点击此', '，获取产品技术说明和穿着注意事项。']",['https://c.static-nike.com/a/images/t_PDP_1280_v1/f_auto/vieepu86kusbbjqpnqpm/nikecourt-aerobill-女子网球遮阳帽-FKjm4s.jpg'],女子网球遮阳帽,21,womens,2,https://www.nike.com/cn/t/nikecourt-aerobill-%E5%A5%B3%E5%AD%90%E7%BD%91%E7%90%83%E9%81%AE%E9%98%B3%E5%B8%BD-FKjm4s/899656-010
NikeCourt AeroBill Rafa H86,850666-101,￥169,￥0,白色/黑,['all'],"['轻盈包覆', 'NikeCourt AeroBill Rafa H86 可调节网球运动帽在球场为你缔造凉爽的防护体验。', '其他细节', 'AeroBill 技术有助导湿速干，营造轻盈透气感受', '刺绣孔眼，有效提升透气性', '下帽檐设计减少炫光', '单手快速调节型扣带设计，打造定制般贴合感', '产品细节', '敬请注意，同款但不同配色的商品有可能在材质等方面有些许差异，本页面中的商品介绍内容仅供参考，商品具体信息请以实物为准。如商品介绍内容中包含 Nike Flyknit 或气垫相关信息，请点击', '，获取产品技术说明和穿着注意事项。']",['https://c.static-nike.com/a/images/t_PDP_1280_v1/f_auto/ktp2dmrcxf9uuczo2kos/nikecourt-aerobill-rafa-h86-可调节网球运动帽-0hFqWF.jpg'],可调节网球运动帽,22,womens,2,https://www.nike.com/cn/t/nikecourt-aerobill-rafa-h86-%E5%8F%AF%E8%B0%83%E8%8A%82%E7%BD%91%E7%90%83%E8%BF%90%E5%8A%A8%E5%B8%BD-0hFqWF
NikeCourt AeroBill,899656-627,￥129,￥0,正浆果红/白色,['all'],"['轻盈包覆', 'NikeCourt AeroBill 女子网球遮阳帽在球场为你缔造凉爽的防护体验。', '其他细节', 'AeroBill 技术，营造轻盈透气感受', '网眼拼接设计，有效提升透气性', '黑色下帽檐设计减少炫光', '单手快速调节型扣带设计，打造定制般贴合感', '产品细节', '面料：100% 聚酯纤维。后拼接：100% 聚酯纤维。里料：91% 聚酯纤维/9% 氨纶。', '手洗', '显示颜色： 正浆果红/白色', '款式： 899656-627', '敬请注意，同款但不同配色的商品有可能在材质等方面有些许差异，本页面中的商品介绍内容仅供参考，商品具体信息请以实物为准。如商品介绍内容中包含 Nike Flyknit 或气垫相关信息，请点击此', '，获取产品技术说明和穿着注意事项。']",['https://c.static-nike.com/a/images/t_PDP_1280_v1/f_auto/myijckyzbciheg9b2cp1/nikecourt-aerobill-女子网球遮阳帽-MMrn0S.jpg'],女子网球遮阳帽,23,womens,2,https://www.nike.com/cn/t/nikecourt-aerobill-%E5%A5%B3%E5%AD%90%E7%BD%91%E7%90%83%E9%81%AE%E9%98%B3%E5%B8%BD-MMrn0S
Nike Legacy 91,892651-100,￥159,￥0,白色/煤黑/黑,['all'],"['专属舒适', 'The Nike Legacy 91 可调节高尔夫运动帽采用速干面料，助你在球场保持头部干爽舒适。', '其他细节', 'Dri-FIT 技术，帮助保持干爽舒适', '刺绣孔眼，提升透气效果', '后部激光穿孔的魔术贴粘扣设计，打造专属的干爽舒适体验', '产品细节', '面料/前片拼接（正面）：100% 聚酯纤维。前片拼接（背面）：65% 聚酯纤维/35% 棉。', '手洗', '显示颜色： 白色/煤黑/黑', '款式： 892651-100']",['https://c.static-nike.com/a/images/t_PDP_1280_v1/f_auto/kv7cuvxetbdo45lcupui/legacy-91-可调节高尔夫运动帽-8gVL7w.jpg'],可调节高尔夫运动帽,24,womens,2,https://www.nike.com/cn/t/legacy-91-%E5%8F%AF%E8%B0%83%E8%8A%82%E9%AB%98%E5%B0%94%E5%A4%AB%E8%BF%90%E5%8A%A8%E5%B8%BD-8gVL7w
Nike Classic99,AJ5499-100,￥169,￥0,白色/煤黑/黑,['all'],"['经典舒适，为球场而生', '戴上 Nike Classic99 高尔夫运动帽，为你的造型带来点睛之笔。柔软汗带和弹性材料营造非凡舒适感受，赋予你心无旁骛的应战体验。', '其他细节', 'Dri-FIT 技术，帮助保持干爽舒适', '刺绣眼孔营造出色的空气流通效果', '纹理面料融入氨纶，可自如伸展，缔造专属贴合感', '汗带设计，柔软导湿', '产品细节', '魔术贴粘扣', '面料：90% 聚酯纤维/10% 氨纶。前片拼接（背面）：100% 聚酯纤维。\xa0 \xa0', '手洗', '显示颜色： 白色/煤黑/黑', '款式： AJ5499-100', '敬请注意，同款但不同配色的商品有可能在材质等方面有些许差异，本页面中的商品介绍内容仅供参考，商品具体信息请以实物为准。如商品介绍内容中包含 Nike Flyknit 或气垫相关信息，请点击此', '，获取产品技术说明和穿着注意事项。']",['https://c.static-nike.com/a/images/t_PDP_1280_v1/f_auto/z2t9xpxtwkodyoursntd/classic99-高尔夫运动帽-Ct0jRB.jpg'],高尔夫运动帽,25,womens,2,https://www.nike.com/cn/t/classic99-%E9%AB%98%E5%B0%94%E5%A4%AB%E8%BF%90%E5%8A%A8%E5%B8%BD-Ct0jRB/AJ5499-100
Nike Classic99,AJ5499-010,￥169,￥0,黑/煤黑/白色,['all'],"['经典舒适，为球场而生', '戴上 Nike Classic99 高尔夫运动帽，为你的造型带来点睛之笔。柔软汗带和弹性材料营造非凡舒适感受，赋予你心无旁骛的应战体验。', '其他细节', 'Dri-FIT 技术，帮助保持干爽舒适', '刺绣眼孔营造出色的空气流通效果', '纹理面料融入氨纶，可自如伸展，缔造专属贴合感', '汗带设计，柔软导湿', '产品细节', '魔术贴粘扣', '面料：90% 聚酯纤维/10% 氨纶。前片拼接（背面）：100% 聚酯纤维。\xa0 \xa0', '手洗', '显示颜色： 黑/煤黑/白色', '款式： AJ5499-010', '敬请注意，同款但不同配色的商品有可能在材质等方面有些许差异，本页面中的商品介绍内容仅供参考，商品具体信息请以实物为准。如商品介绍内容中包含 Nike Flyknit 或气垫相关信息，请点击此', '，获取产品技术说明和穿着注意事项。']",['https://c.static-nike.com/a/images/t_PDP_1280_v1/f_auto/phhrilvndkbb1ti1f4yi/classic99-高尔夫运动帽-Ct0jRB.jpg'],高尔夫运动帽,25,womens,2,https://www.nike.com/cn/t/classic99-%E9%AB%98%E5%B0%94%E5%A4%AB%E8%BF%90%E5%8A%A8%E5%B8%BD-Ct0jRB/AJ5499-010
NikeLab ACG,AV4774-010,￥349,￥0,黑/赭黄/白色,['all'],"['为运动而生，动态贴合', 'NikeLab ACG 针织帽在针织面料中间夹入优质里料，保暖舒适，是外出时的御寒利器。双面佩戴设计，可令你轻松转换穿搭造型。', '其他细节', '针织面料，柔软保暖', '优质里料，帮助保持干爽', '双面佩戴设计塑就两种风格', '产品细节', '外层面料/内层面料：80% 聚酯纤维/20% 棉', '手洗', '显示颜色： 黑/赭黄/白色', '款式： AV4774-010', '关于 NikeLab ACG 系列', 'NikeLab ACG 系列装备采用时尚设计，助力应对不良天气因素，令你征服或攻克都市中的不良天气条件或地形环境。出色防护面料和透气技术结合，提供出众包覆效果，前沿设计带来多元存储体验和风格穿搭选择。', '敬请注意，同款但不同配色的商品有可能在材质等方面有些许差异，本页面中的商品介绍内容仅供参考，商品具体信息请以实物为准。如商品介绍内容中包含 Nike Flyknit 或气垫相关信息，请点击此', '，获取产品技术说明和穿着注意事项。']",['https://c.static-nike.com/a/images/t_PDP_1280_v1/f_auto/bef6vpbtdrzuqlazxefm/nikelab-acg-针织帽-6LMtmt.jpg'],针织帽,26,womens,2,https://www.nike.com/cn/t/nikelab-acg-%E9%92%88%E7%BB%87%E5%B8%BD-6LMtmt/AV4774-010
NikeLab ACG,AV4774-395,￥349,￥0,帆布橄榄绿/白色/光辉荧光黄,['all'],"['为运动而生，动态贴合', 'NikeLab ACG 针织帽在针织面料中间夹入优质里料，保暖舒适，是外出时的御寒利器。双面佩戴设计，可令你轻松转换穿搭造型。', '其他细节', '针织面料，柔软保暖', '优质里料，帮助保持干爽', '双面佩戴设计塑就两种风格', '产品细节', '外层面料/内层面料：80% 聚酯纤维/20% 棉', '手洗', '显示颜色： 帆布橄榄绿/白色/光辉荧光黄', '款式： AV4774-395', '关于 NikeLab ACG 系列', 'NikeLab ACG 系列装备采用时尚设计，助力应对不良天气因素，令你征服或攻克都市中的不良天气条件或地形环境。出色防护面料和透气技术结合，提供出众包覆效果，前沿设计带来多元存储体验和风格穿搭选择。', '敬请注意，同款但不同配色的商品有可能在材质等方面有些许差异，本页面中的商品介绍内容仅供参考，商品具体信息请以实物为准。如商品介绍内容中包含 Nike Flyknit 或气垫相关信息，请点击此', '，获取产品技术说明和穿着注意事项。']",['https://c.static-nike.com/a/images/t_PDP_1280_v1/f_auto/r8y6zhbmezmhelnplbhb/nikelab-acg-针织帽-6LMtmt.jpg'],针织帽,26,womens,2,https://www.nike.com/cn/t/nikelab-acg-%E9%92%88%E7%BB%87%E5%B8%BD-6LMtmt/AV4774-395
NikeLab H86,BV3032-010,￥229,￥0,黑/白色,['all'],"['经典邂逅灯芯绒', 'NikeLab H86 JDI 运动帽的正面中央绣有经典标语，搭配灯芯绒元素，带来工装风范。', '其他细节', '正面绣有\xa0“Just Do It.”', '每块拼接均配置孔眼，帮助保持凉爽', '产品细节', '面料/帽檐：100% 棉。前片里料拼接：65% 聚酯纤维/35% 棉。', '手洗', '显示颜色： 黑/白色', '款式： BV3032-010', '敬请注意，同款但不同配色的商品有可能在材质等方面有些许差异，本页面中的商品介绍内容仅供参考，商品具体信息请以实物为准。如商品介绍内容中包含 Nike Flyknit 或气垫相关信息，请点击', '，获取产品技术说明和穿着注意事项。']",['https://c.static-nike.com/a/images/t_PDP_1280_v1/f_auto/go4fwtyqpk88njab10kh/nikelab-h86-jdi-运动帽-vsjg7t.jpg'],JDI 运动帽,27,womens,2,https://www.nike.com/cn/t/nikelab-h86-jdi-%E8%BF%90%E5%8A%A8%E5%B8%BD-vsjg7t/BV3032-010
NikeLab H86,BV3032-100,￥229,￥0,白色/黑,['all'],"['经典邂逅灯芯绒', 'NikeLab H86 JDI 运动帽的正面中央绣有经典标语，搭配灯芯绒元素，带来工装风范。', '其他细节', '正面绣有\xa0“Just Do It.”', '每块拼接均配置孔眼，帮助保持凉爽', '产品细节', '面料/帽檐：100% 棉。前片里料拼接：65% 聚酯纤维/35% 棉。', '手洗', '显示颜色： 白色/黑', '款式： BV3032-100', '敬请注意，同款但不同配色的商品有可能在材质等方面有些许差异，本页面中的商品介绍内容仅供参考，商品具体信息请以实物为准。如商品介绍内容中包含 Nike Flyknit 或气垫相关信息，请点击', '，获取产品技术说明和穿着注意事项。']",['https://c.static-nike.com/a/images/t_PDP_1280_v1/f_auto/nh1c6to35tysctxgvtuj/nikelab-h86-jdi-运动帽-vsjg7t.jpg'],JDI 运动帽,27,womens,2,https://www.nike.com/cn/t/nikelab-h86-jdi-%E8%BF%90%E5%8A%A8%E5%B8%BD-vsjg7t/BV3032-100
NikeLab H86,BV3032-451,￥229,￥0,黑曜石色/白色,['all'],"['经典邂逅灯芯绒', 'NikeLab H86 JDI 运动帽的正面中央绣有经典标语，搭配灯芯绒元素，带来工装风范。', '其他细节', '正面绣有\xa0“Just Do It.”', '每块拼接均配置孔眼，帮助保持凉爽', '产品细节', '面料/帽檐：100% 棉。前片里料拼接：65% 聚酯纤维/35% 棉。', '手洗', '显示颜色： 黑曜石色/白色', '款式： BV3032-451', '敬请注意，同款但不同配色的商品有可能在材质等方面有些许差异，本页面中的商品介绍内容仅供参考，商品具体信息请以实物为准。如商品介绍内容中包含 Nike Flyknit 或气垫相关信息，请点击', '，获取产品技术说明和穿着注意事项。']",['https://c.static-nike.com/a/images/t_PDP_1280_v1/f_auto/bpodzwibqcu0fvkpecyr/nikelab-h86-jdi-运动帽-vsjg7t.jpg'],JDI 运动帽,27,womens,2,https://www.nike.com/cn/t/nikelab-h86-jdi-%E8%BF%90%E5%8A%A8%E5%B8%BD-vsjg7t/BV3032-451
Nike Sportswear Tailwind ACG Sherpa,AR0497-013,￥229,￥0,黑/黑/黑/黑,['all'],"['专属舒适', 'Nike Sportswear Tailwind ACG Sherpa 可调节运动帽采用针织耳部护翼结合可调节背面扣带设计，营造个性化保暖感受。', '其他细节', '不易撕裂面料，轻盈耐用', '针织耳部护翼提供出色包覆效果', '可调式背面扣带，定制专属舒适感', '产品细节', '面料：100% 锦纶。下帽檐：100% 聚酯纤维。侧拼接里料：100% 聚酯纤维。前片里料：91% 聚酯纤维/9% 氨纶。', '手洗', '显示颜色： 黑/黑/黑/黑', '款式： AR0497-013', '敬请注意，同款但不同配色的商品有可能在材质等方面有些许差异，本页面中的商品介绍内容仅供参考，商品具体信息请以实物为准。如商品介绍内容中包含 Nike Flyknit 或气垫相关信息，请点击', '，获取产品技术说明和穿着注意事项。']",['https://c.static-nike.com/a/images/t_PDP_1280_v1/f_auto/rpczw7mlccljhxisa3ee/sportswear-tailwind-acg-sherpa-可调节运动帽-ZW1kCQ.jpg'],可调节运动帽,28,womens,2,https://www.nike.com/cn/t/sportswear-tailwind-acg-sherpa-%E5%8F%AF%E8%B0%83%E8%8A%82%E8%BF%90%E5%8A%A8%E5%B8%BD-ZW1kCQ/AR0497-013
Nike Sportswear Tailwind ACG Sherpa,AR0497-381,￥229,￥0,晶洞水鸭青/哈瓦那红/黑,['all'],"['专属舒适', 'Nike Sportswear Tailwind ACG Sherpa 可调节运动帽采用针织耳部护翼结合可调节背面扣带设计，营造个性化保暖感受。', '其他细节', '不易撕裂面料，轻盈耐用', '针织耳部护翼提供出色包覆效果', '可调式背面扣带，定制专属舒适感', '产品细节', '面料：100% 锦纶。下帽檐：100% 聚酯纤维。侧拼接里料：100% 聚酯纤维。前片里料：91% 聚酯纤维/9% 氨纶。', '手洗', '显示颜色： 晶洞水鸭青/哈瓦那红/黑', '款式： AR0497-381', '敬请注意，同款但不同配色的商品有可能在材质等方面有些许差异，本页面中的商品介绍内容仅供参考，商品具体信息请以实物为准。如商品介绍内容中包含 Nike Flyknit 或气垫相关信息，请点击', '，获取产品技术说明和穿着注意事项。']",['https://c.static-nike.com/a/images/t_PDP_1280_v1/f_auto/c4obgho976fstaypzqyp/sportswear-tailwind-acg-sherpa-可调节运动帽-ZW1kCQ.jpg'],可调节运动帽,28,womens,2,https://www.nike.com/cn/t/sportswear-tailwind-acg-sherpa-%E5%8F%AF%E8%B0%83%E8%8A%82%E8%BF%90%E5%8A%A8%E5%B8%BD-ZW1kCQ/AR0497-381
NikeLab Pro,AV4781-277,￥199,￥0,麦芽棕/暗褐,['all'],"['工装风格', '当工装材料邂逅运动服风格，会擦出什么火花？NikeLab Pro 运动帽采用耐用棉帆布面料，搭配灯芯绒细节和 Carhartt 品牌标志。', '其他细节', '背面扣带设计，可供调节贴合感', '高帽冠设计，塑就经典外观', '帽身主体采用帆布面料，耐用柔软', '灯芯绒帽檐，带来对比效果', '产品细节', '面料：100% 棉。前片拼接（背面）：92% 聚酯纤维/8% 棉。', '手洗', '显示颜色： 麦芽棕/暗褐', '款式： AV4781-277', '敬请注意，同款但不同配色的商品有可能在材质等方面有些许差异，本页面中的商品介绍内容仅供参考，商品具体信息请以实物为准。如商品介绍内容中包含 Nike Flyknit 或气垫相关信息，请点击此', '，获取产品技术说明和穿着注意事项。']",['https://c.static-nike.com/a/images/t_PDP_1280_v1/f_auto/cozvqh0fwzaejifr8cxp/nikelab-pro-运动帽-407n5F.jpg'],运动帽,29,womens,2,https://www.nike.com/cn/t/nikelab-pro-%E8%BF%90%E5%8A%A8%E5%B8%BD-407n5F
Jordan Cuffed,AA1297-010,￥249,￥0,黑,['all'],"['舒适御寒', 'Jordan Cuffed\xa0针织帽采用柔软保暖面料，打造舒适贴合的佩戴体验。', '其他细节', '产品细节', '产品细节', '面料/里料：80% 聚酯纤维/20% 棉', '手洗', '显示颜色： 黑', '款式： AA1297-010', '敬请注意，同款但不同配色的商品有可能在材质等方面有些许差异，本页面中的商品介绍内容仅供参考，商品具体信息请以实物为准。如商品介绍内容中包含 Nike Flyknit 或气垫相关信息，请点击', '，获取产品技术说明和穿着注意事项。']",['https://c.static-nike.com/a/images/t_PDP_1280_v1/f_auto/sfbjzwcv6npoz8holv2x/jordan-cuffed-针织帽-PjZZc0.jpg'],针织帽,30,womens,2,https://www.nike.com/cn/t/jordan-cuffed-%E9%92%88%E7%BB%87%E5%B8%BD-PjZZc0/AA1297-010
Jordan Cuffed,AA1297-091,￥249,￥0,碳素灰,['all'],"['舒适御寒', 'Jordan Cuffed\xa0针织帽采用柔软保暖面料，打造舒适贴合的佩戴体验。', '其他细节', '产品细节', '产品细节', '面料/里料：80% 聚酯纤维/20% 棉', '手洗', '显示颜色： 碳素灰', '款式： AA1297-091', '敬请注意，同款但不同配色的商品有可能在材质等方面有些许差异，本页面中的商品介绍内容仅供参考，商品具体信息请以实物为准。如商品介绍内容中包含 Nike Flyknit 或气垫相关信息，请点击', '，获取产品技术说明和穿着注意事项。']",['https://c.static-nike.com/a/images/t_PDP_1280_v1/f_auto/uykzxjhgsax7tze6h8f9/jordan-cuffed-针织帽-PjZZc0.jpg'],针织帽,30,womens,2,https://www.nike.com/cn/t/jordan-cuffed-%E9%92%88%E7%BB%87%E5%B8%BD-PjZZc0/AA1297-091
Jordan Cuffed,AA1297-100,￥249,￥0,白色,['all'],"['舒适御寒', 'Jordan Cuffed\xa0针织帽采用柔软保暖面料，打造舒适贴合的佩戴体验。', '其他细节', '产品细节', '产品细节', '面料/里料：80% 聚酯纤维/20% 棉', '手洗', '显示颜色： 白色', '款式： AA1297-100', '敬请注意，同款但不同配色的商品有可能在材质等方面有些许差异，本页面中的商品介绍内容仅供参考，商品具体信息请以实物为准。如商品介绍内容中包含 Nike Flyknit 或气垫相关信息，请点击', '，获取产品技术说明和穿着注意事项。']",['https://c.static-nike.com/a/images/t_PDP_1280_v1/f_auto/etvyxd6y2x34lkg1mv4t/jordan-cuffed-针织帽-PjZZc0.jpg'],针织帽,30,womens,2,https://www.nike.com/cn/t/jordan-cuffed-%E9%92%88%E7%BB%87%E5%B8%BD-PjZZc0/AA1297-100
Nike NRG AW84,882767-013,￥229,￥0,黑/黑/白色/黑,['all'],"['舒适速干', 'Nike NRG AW84 可调节运动帽采用速干面料，令你畅享干爽舒适的佩戴感受。', '其他细节', 'Dri-FIT 技术，帮助保持干爽舒适', 'AeroBill 科技，缔造轻盈透气表现', '背面可调式扣带打造个性化的贴合感', '五片式拼接设计，舒适耐用', '产品细节', '敬请注意，同款但不同配色的商品有可能在材质等方面有些许差异，本页面中的商品介绍内容仅供参考，商品具体信息请以实物为准。']",['https://c.static-nike.com/a/images/t_PDP_1280_v1/f_auto/hmbvkbrtj0czzzylaqyp/nrg-aw84-可调节运动帽-j9VY1w.jpg'],可调节运动帽,31,womens,2,https://www.nike.com/cn/t/nrg-aw84-%E5%8F%AF%E8%B0%83%E8%8A%82%E8%BF%90%E5%8A%A8%E5%B8%BD-j9VY1w/882767-013
Nike NRG AW84,882767-101,￥229,￥0,白色/黑/白色/白色,['all'],"['舒适速干', 'Nike NRG AW84 可调节运动帽采用速干面料，令你畅享干爽舒适的佩戴感受。', '其他细节', 'Dri-FIT 技术，帮助保持干爽舒适', 'AeroBill 科技，缔造轻盈透气表现', '背面可调式扣带打造个性化的贴合感', '五片式拼接设计，舒适耐用', '产品细节', '敬请注意，同款但不同配色的商品有可能在材质等方面有些许差异，本页面中的商品介绍内容仅供参考，商品具体信息请以实物为准。']",['https://c.static-nike.com/a/images/t_PDP_1280_v1/f_auto/wyehzsgppc9qugerpqik/nrg-aw84-可调节运动帽-j9VY1w.jpg'],可调节运动帽,31,womens,2,https://www.nike.com/cn/t/nrg-aw84-%E5%8F%AF%E8%B0%83%E8%8A%82%E8%BF%90%E5%8A%A8%E5%B8%BD-j9VY1w/882767-101
Nike NRG AW84,882767-439,￥229,￥0,钴蓝色/黑,['all'],"['舒适速干', 'Nike NRG AW84 可调节运动帽采用速干面料，令你畅享干爽舒适的佩戴感受。', '其他细节', 'Dri-FIT 技术，帮助保持干爽舒适', 'AeroBill 科技，缔造轻盈透气表现', '背面可调式扣带打造个性化的贴合感', '五片式拼接设计，舒适耐用', '产品细节', '敬请注意，同款但不同配色的商品有可能在材质等方面有些许差异，本页面中的商品介绍内容仅供参考，商品具体信息请以实物为准。']",['https://c.static-nike.com/a/images/t_PDP_1280_v1/f_auto/mrjgvs787lny3tzekwrx/nrg-aw84-可调节运动帽-j9VY1w.jpg'],可调节运动帽,31,womens,2,https://www.nike.com/cn/t/nrg-aw84-%E5%8F%AF%E8%B0%83%E8%8A%82%E8%BF%90%E5%8A%A8%E5%B8%BD-j9VY1w/882767-439
Nike NRG AW84,882767-100,￥229,￥0,白色/黑,['all'],"['舒适速干', 'Nike NRG AW84 可调节运动帽采用速干面料，令你畅享干爽舒适的佩戴感受。', '其他细节', 'Dri-FIT 技术，帮助保持干爽舒适', 'AeroBill 科技，缔造轻盈透气表现', '背面可调式扣带打造个性化的贴合感', '五片式拼接设计，舒适耐用', '产品细节', '敬请注意，同款但不同配色的商品有可能在材质等方面有些许差异，本页面中的商品介绍内容仅供参考，商品具体信息请以实物为准。']",['https://c.static-nike.com/a/images/t_PDP_1280_v1/f_auto/qfsdnsadv9uhadwsym2l/nrg-aw84-可调节运动帽-j9VY1w.jpg'],可调节运动帽,31,womens,2,https://www.nike.com/cn/t/nrg-aw84-%E5%8F%AF%E8%B0%83%E8%8A%82%E8%BF%90%E5%8A%A8%E5%B8%BD-j9VY1w/882767-100
Nike NRG AW84,882767-011,￥229,￥0,黑/黑,['all'],"['舒适速干', 'Nike NRG AW84 可调节运动帽采用速干面料，令你畅享干爽舒适的佩戴感受。', '其他细节', 'Dri-FIT 技术，帮助保持干爽舒适', 'AeroBill 科技，缔造轻盈透气表现', '背面可调式扣带打造个性化的贴合感', '五片式拼接设计，舒适耐用', '产品细节', '敬请注意，同款但不同配色的商品有可能在材质等方面有些许差异，本页面中的商品介绍内容仅供参考，商品具体信息请以实物为准。']",['https://c.static-nike.com/a/images/t_PDP_1280_v1/f_auto/xg1ywcqgnln8lkay2rft/nrg-aw84-可调节运动帽-j9VY1w.jpg'],可调节运动帽,31,womens,2,https://www.nike.com/cn/t/nrg-aw84-%E5%8F%AF%E8%B0%83%E8%8A%82%E8%BF%90%E5%8A%A8%E5%B8%BD-j9VY1w/882767-011
Nike Metallic,AC9673-912,￥149,￥0,多色/白色/白色/黑,['all'],"['整束头发', 'Nike Metallic 发带（3 条）采用舒适的弹性设计，有效减少头发干扰面部，助你专注训练。', '其他细节', '经久耐用的非金属松紧带，带来舒适贴合的使用感', '硅胶设计稳固贴合，有效防滑', '三条成组出售', '产品细节', '宽度：约 1.27 厘米', '材料：60% 聚酯纤维/30% 二烯类弹性纤维/10% 硅胶', '显示颜色： 多色/白色/白色/黑', '款式： AC9673-912', '敬请注意，同款但不同配色的商品有可能在材质等方面有些许差异，本页面中的商品介绍内容仅供参考，商品具体信息请以实物为准。如商品介绍内容中包含 Nike Flyknit 或气垫相关信息，请点击', '，获取产品技术说明和穿着注意事项。']",['https://c.static-nike.com/a/images/t_PDP_1280_v1/f_auto/js90uqvg2n9m9cmtflur/metallic-发带（3-条）-2KTrbrJo.jpg'],发带（3 条）,32,womens,2,https://www.nike.com/cn/t/metallic-%E5%8F%91%E5%B8%A6%EF%BC%883-%E6%9D%A1%EF%BC%89-2KTrbrJo/AC9673-912
Nike Metallic,AC9673-913,￥99,￥149,多色/军绿/白色/亮甜瓜橙,['all'],"['整束头发', 'Nike Metallic 发带（3 条）采用舒适的弹性设计，有效减少头发干扰面部，助你专注训练。', '其他细节', '经久耐用的非金属松紧带，带来舒适贴合的使用感', '硅胶设计稳固贴合，有效防滑', '三条成组出售', '产品细节', '宽度：约 1.27 厘米', '材料：60% 聚酯纤维/30% 二烯类弹性纤维/10% 硅胶', '显示颜色： 多色/军绿/白色/亮甜瓜橙', '款式： AC9673-913', '敬请注意，同款但不同配色的商品有可能在材质等方面有些许差异，本页面中的商品介绍内容仅供参考，商品具体信息请以实物为准。如商品介绍内容中包含 Nike Flyknit 或气垫相关信息，请点击', '，获取产品技术说明和穿着注意事项。']",['https://images.nike.com/is/image/DotCom/PDP_HERO/AC9673_913_A/metallic-发带（3-条）-2KTrbrJo.jpg'],发带（3 条）,32,womens,2,https://www.nike.com/cn/t/metallic-%E5%8F%91%E5%B8%A6%EF%BC%883-%E6%9D%A1%EF%BC%89-2KTrbrJo/AC9673-913
Nike Sportswear Pro Swoosh,639534-618,￥199,￥0,热恋红/松绿/黑/白色,['all'],"['现代风范，专属舒适体验', 'Nike Sportswear Pro Swoosh 可调节运动帽依托平檐设计与 3D 刺绣元素，革新演绎经典运动风范，结合按扣式扣带设计，可供打造个性化专属贴合效果。', '其他细节', '六片式拼接设计搭配衬里镶边，塑就舒适穿戴感受', '刺绣孔眼提升透气效果', '可调节背面按扣，打造专属贴合感', '产品细节', '正面添加刺绣 Swoosh 标志', '面料/前片拼接（正面）：100% 聚酯纤维。前片拼接（背面）：80% 聚酯纤维/20% 棉。下帽檐：100% 棉。', '手洗', '显示颜色： 热恋红/松绿/黑/白色', '款式： 639534-618', '敬请注意，同款但不同配色的商品有可能在材质等方面有些许差异，本页面中的商品介绍内容仅供参考，商品具体信息请以实物为准。']",['https://c.static-nike.com/a/images/t_PDP_1280_v1/f_auto/a82frxyuzinjp12oduuh/sportswear-pro-swoosh-可调节运动帽-PLczM3.jpg'],可调节运动帽,33,womens,2,https://www.nike.com/cn/t/sportswear-pro-swoosh-%E5%8F%AF%E8%B0%83%E8%8A%82%E8%BF%90%E5%8A%A8%E5%B8%BD-PLczM3/639534-618
Nike Sportswear Pro Swoosh,639534-011,￥199,￥0,黑/松绿/黑/白色,['all'],"['现代风范，专属舒适体验', 'Nike Sportswear Pro Swoosh 可调节运动帽依托平檐设计与 3D 刺绣元素，革新演绎经典运动风范，结合按扣式扣带设计，可供打造个性化专属贴合效果。', '其他细节', '六片式拼接设计搭配衬里镶边，塑就舒适穿戴感受', '刺绣孔眼提升透气效果', '可调节背面按扣，打造专属贴合感', '产品细节', '正面添加刺绣 Swoosh 标志', '面料/前片拼接（正面）：100% 聚酯纤维。前片拼接（背面）：80% 聚酯纤维/20% 棉。下帽檐：100% 棉。', '手洗', '显示颜色： 黑/松绿/黑/白色', '款式： 639534-011', '敬请注意，同款但不同配色的商品有可能在材质等方面有些许差异，本页面中的商品介绍内容仅供参考，商品具体信息请以实物为准。']",['https://c.static-nike.com/a/images/t_PDP_1280_v1/f_auto/kt7iszd9oudwmglhw1yv/sportswear-pro-swoosh-可调节运动帽-PLczM3.jpg'],可调节运动帽,33,womens,2,https://www.nike.com/cn/t/sportswear-pro-swoosh-%E5%8F%AF%E8%B0%83%E8%8A%82%E8%BF%90%E5%8A%A8%E5%B8%BD-PLczM3/639534-011
Nike Sportswear Air True,805063-100,￥199,￥0,白色/白色/黑,['all'],"['酷爽包覆', 'Nike Sportswear Air True 按扣式运动帽采用透气面料，结合刺绣孔眼设计，助你保持干爽舒适。', '其他细节', '刺绣孔眼提升透气效果', '按扣式扣带设计，打造可调节的个性化贴合感', '六片式拼接设计，缔造经典舒适感', '产品细节', '面料：100% 聚酯纤维。前片拼接（背面）：92% 聚酯纤维/8% 棉。下帽檐：100% 棉。', '手洗', '显示颜色： 白色/白色/黑', '款式： 805063-100', '敬请注意，同款但不同配色的商品有可能在材质等方面有些许差异，本页面中的商品介绍内容仅供参考，商品具体信息请以实物为准。']",['https://c.static-nike.com/a/images/t_PDP_1280_v1/f_auto/adpbubl9lyt3k9iomh9g/sportswear-air-true-按扣式运动帽-QTz3zx.jpg'],按扣式运动帽,34,womens,2,https://www.nike.com/cn/t/sportswear-air-true-%E6%8C%89%E6%89%A3%E5%BC%8F%E8%BF%90%E5%8A%A8%E5%B8%BD-QTz3zx/805063-100
Nike Sportswear Air True,805063-010,￥159,￥199,黑/黑/白色,['all'],"['酷爽包覆', 'Nike Sportswear Air True 按扣式运动帽采用透气面料，结合刺绣孔眼设计，助你保持干爽舒适。', '其他细节', '刺绣孔眼提升透气效果', '按扣式扣带设计，打造可调节的个性化贴合感', '六片式拼接设计，缔造经典舒适感', '产品细节', '面料：100% 聚酯纤维。前片拼接（背面）：92% 聚酯纤维/8% 棉。下帽檐：100% 棉。', '手洗', '显示颜色： 黑/黑/白色', '款式： 805063-010', '敬请注意，同款但不同配色的商品有可能在材质等方面有些许差异，本页面中的商品介绍内容仅供参考，商品具体信息请以实物为准。']",['https://c.static-nike.com/a/images/t_PDP_1280_v1/f_auto/rzr95ap7iowx3oxrsfxz/sportswear-air-true-按扣式运动帽-QTz3zx.jpg'],按扣式运动帽,34,womens,2,https://www.nike.com/cn/t/sportswear-air-true-%E6%8C%89%E6%89%A3%E5%BC%8F%E8%BF%90%E5%8A%A8%E5%B8%BD-QTz3zx/805063-010
Jordan AW84 Jumpman Singles' Day,CD0981-657,￥249,￥0,大学红/白色,['all'],"['舒适透气', ""Jordan AW84 Jumpman Singles' Day\xa0可调节运动帽的设计灵感源自中国庆祝单身生活的流行节日，采用透气面料打造，帮助保持干爽舒适。巧搭经典 Jordan 细节，重塑元年款 AW84 跑步运动帽的经典设计。"", '其他细节', '透气面料，帮助保持干爽舒适', '背面可调式扣带，打造个性化贴合感受', '五片式拼接设计，耐用舒适', '产品细节', '面料：100% 聚酯纤维。前片里料拼接：65% 聚酯纤维/35% 棉。', '手洗', '显示颜色： 大学红/白色', '款式： CD0981-657', '敬请注意，同款但不同配色的商品有可能在材质等方面有些许差异，本页面中的商品介绍内容仅供参考，商品具体信息请以实物为准。如商品介绍内容中包含 Nike Flyknit 或气垫相关信息，请点击此', '，获取产品技术说明和穿着注意事项。']",['https://c.static-nike.com/a/images/t_PDP_1280_v1/f_auto/hdnvnzorpio0shb6nxvf/jordan-aw84-jumpman-singles-day-可调节运动帽-Srmgsn.jpg'],可调节运动帽,35,womens,2,https://www.nike.com/cn/t/jordan-aw84-jumpman-singles-day-%E5%8F%AF%E8%B0%83%E8%8A%82%E8%BF%90%E5%8A%A8%E5%B8%BD-Srmgsn
Jordan Pro Legacy,AA5746-100,￥249,￥0,白色/黑曜石色/红外线红 23,['all'],"['专属包覆', 'Jordan Pro Legacy Snapback 可调节运动帽结合经典细节和按扣式扣带设计，打造个性化的贴合佩戴体验。', '其他细节', '六片式拼接设计，实现出色耐用性', '刺绣孔眼，增强空气流通效果', '可调节按扣式扣带设计，打造专属舒适感', '产品细节', '敬请注意，同款但不同配色的商品有可能在材质等方面有些许差异，本页面中的商品介绍内容仅供参考，商品具体信息请以实物为准。如商品介绍内容中包含 Nike Flyknit 或气垫相关信息，请点击', '，获取产品技术说明和穿着注意事项。']",['https://c.static-nike.com/a/images/t_PDP_1280_v1/f_auto/vbdxq2rqgixztlxpmkyv/jordan-pro-legacy-snapback-可调节运动帽-wqSR8m.jpg'],Snapback 可调节运动帽,36,womens,2,https://www.nike.com/cn/t/jordan-pro-legacy-snapback-%E5%8F%AF%E8%B0%83%E8%8A%82%E8%BF%90%E5%8A%A8%E5%B8%BD-wqSR8m
Jordan Graphic,AA1302-010,￥249,￥0,黑/健身红/健身红,['all'],"['御寒保暖', 'Jordan Graphic 针织帽采用柔软保暖的针织面料，巧妙融入经典细节设计。', '其他细节', '针织面料，柔软保暖', '翻边设计，稳固舒适', '\xa0', '产品细节', '面料/里料：100% 腈纶', '手洗', '显示颜色： 黑/健身红/健身红', '款式： AA1302-010', '敬请注意，同款但不同配色的商品有可能在材质等方面有些许差异，本页面中的商品介绍内容仅供参考，商品具体信息请以实物为准。如商品介绍内容中包含 Nike Flyknit 或气垫相关信息，请点击此', '，获取产品技术说明和穿着注意事项。']",['https://c.static-nike.com/a/images/t_PDP_1280_v1/f_auto/zktt82ybqz03ovirxiuu/jordan-graphic-针织帽-Hc0cbC.jpg'],针织帽,37,womens,2,https://www.nike.com/cn/t/jordan-graphic-%E9%92%88%E7%BB%87%E5%B8%BD-Hc0cbC
NikeLab Collection Beanie,922172-222,￥249,￥0,中橄榄绿/帆布橄榄绿,['all'],"['外观出众，理想佳选', 'NikeLab Collection Beanie 男/女针织帽外观设计简洁利落，为你缔造柔软保暖的舒适佩戴体验。', '其他细节', '羊毛与腈纶混纺而成的罗纹针织面料，弹性出众，舒适贴合', '\n', '简洁利落的内衬收边设计，带来柔顺触感', '产品细节', 'Futura 90 标志标签', '外层面料/内层面料：70% 腈纶/30% 羊毛', '手洗', '显示颜色： 中橄榄绿/帆布橄榄绿', '款式： 922172-222', '敬请注意，同款但不同配色的商品有可能在材质等方面有些许差异，本页面中的商品介绍内容仅供参考，商品具体信息请以实物为准。', '\n']",['https://c.static-nike.com/a/images/t_PDP_1280_v1/f_auto/d3pztxyeckjoldds4tl7/nikelab-collection-beanie-男-女针织帽-pvTjoK8D.jpg'],男/女针织帽,38,womens,2,https://www.nike.com/cn/t/nikelab-collection-beanie-%E7%94%B7-%E5%A5%B3%E9%92%88%E7%BB%87%E5%B8%BD-pvTjoK8D
Nike Sportswear,925417-010,￥209,￥0,黑/黑,['all'],"['舒适御寒', 'Nike Sportswear 针织帽融入针织蜂巢式图案，在寒冷时节为你营造出色保暖效果。', '其他细节', '蜂巢式针织图案，塑就纹理外观和质感', '罗纹帽口稳固贴合，营造出色保暖效果', '帽口缝有 Nike 企业标志贴片', '产品细节', '面料：100% 腈纶', '手洗', '显示颜色： 黑/黑', '款式： 925417-010', '敬请注意，同款但不同配色的商品有可能在材质等方面有些许差异，本页面中的商品介绍内容仅供参考，商品具体信息请以实物为准。如商品介绍内容中包含 Nike Flyknit 或气垫相关信息，请点击', '，获取产品技术说明和穿着注意事项。']",['https://c.static-nike.com/a/images/t_PDP_1280_v1/f_auto/jdjtldbha3l89y8snicj/sportswear-针织帽-slF3hl.jpg'],针织帽,39,womens,2,https://www.nike.com/cn/t/sportswear-%E9%92%88%E7%BB%87%E5%B8%BD-slF3hl/925417-010
Nike Sportswear,925417-246,￥209,￥0,暗赤褐/暗赤褐,['all'],"['舒适御寒', 'Nike Sportswear 针织帽融入针织蜂巢式图案，在寒冷时节为你营造出色保暖效果。', '其他细节', '蜂巢式针织图案，塑就纹理外观和质感', '罗纹帽口稳固贴合，营造出色保暖效果', '帽口缝有 Nike 企业标志贴片', '产品细节', '面料：100% 腈纶', '手洗', '显示颜色： 暗赤褐/暗赤褐', '款式： 925417-246', '敬请注意，同款但不同配色的商品有可能在材质等方面有些许差异，本页面中的商品介绍内容仅供参考，商品具体信息请以实物为准。如商品介绍内容中包含 Nike Flyknit 或气垫相关信息，请点击', '，获取产品技术说明和穿着注意事项。']",['https://c.static-nike.com/a/images/t_PDP_1280_v1/f_auto/d8moiowvkmq0v14bnx6j/sportswear-针织帽-slF3hl.jpg'],针织帽,39,womens,2,https://www.nike.com/cn/t/sportswear-%E9%92%88%E7%BB%87%E5%B8%BD-slF3hl/925417-246
Nike Sportswear,925422-478,￥249,￥0,空间蓝/波斯紫/金属银,['all'],"['舒适御寒', 'Nike Sportswear 针织帽采用柔软面料和翻边设计，在寒冷时节为你缔造温暖舒适的包覆体验。', '其他细节', '产品细节', '产品细节', '面料：77% 腈纶/23% 羊毛', '手洗', '显示颜色： 空间蓝/波斯紫/金属银', '款式： 925422-478', '敬请注意，同款但不同配色的商品有可能在材质等方面有些许差异，本页面中的商品介绍内容仅供参考，商品具体信息请以实物为准。如商品介绍内容中包含 Nike Flyknit 或气垫相关信息，请点击', '，获取产品技术说明和穿着注意事项。']",['https://c.static-nike.com/a/images/t_PDP_1280_v1/f_auto/nqyzdyzxgk8jjykzkncv/sportswear-针织帽-Tqn81d.jpg'],针织帽,40,womens,2,https://www.nike.com/cn/t/sportswear-%E9%92%88%E7%BB%87%E5%B8%BD-Tqn81d/925422-478
Nike Sportswear,925422-028,￥249,￥0,大气灰/波斯紫/金属银,['all'],"['舒适御寒', 'Nike Sportswear 针织帽采用柔软面料和翻边设计，在寒冷时节为你缔造温暖舒适的包覆体验。', '其他细节', '产品细节', '产品细节', '面料：77% 腈纶/23% 羊毛', '手洗', '显示颜色： 大气灰/波斯紫/金属银', '款式： 925422-028', '敬请注意，同款但不同配色的商品有可能在材质等方面有些许差异，本页面中的商品介绍内容仅供参考，商品具体信息请以实物为准。如商品介绍内容中包含 Nike Flyknit 或气垫相关信息，请点击', '，获取产品技术说明和穿着注意事项。']",['https://c.static-nike.com/a/images/t_PDP_1280_v1/f_auto/lmv6iiqln7daoaxo0nbq/sportswear-针织帽-Tqn81d.jpg'],针织帽,40,womens,2,https://www.nike.com/cn/t/sportswear-%E9%92%88%E7%BB%87%E5%B8%BD-Tqn81d/925422-028
Nike Sportswear,925422-010,￥249,￥0,黑/冷灰/金属银,['all'],"['舒适御寒', 'Nike Sportswear 针织帽采用柔软面料和翻边设计，在寒冷时节为你缔造温暖舒适的包覆体验。', '其他细节', '产品细节', '产品细节', '面料：77% 腈纶/23% 羊毛', '手洗', '显示颜色： 黑/冷灰/金属银', '款式： 925422-010', '敬请注意，同款但不同配色的商品有可能在材质等方面有些许差异，本页面中的商品介绍内容仅供参考，商品具体信息请以实物为准。如商品介绍内容中包含 Nike Flyknit 或气垫相关信息，请点击', '，获取产品技术说明和穿着注意事项。']",['https://c.static-nike.com/a/images/t_PDP_1280_v1/f_auto/oazbxczf4peug0gmzlzd/sportswear-针织帽-Tqn81d.jpg'],针织帽,40,womens,2,https://www.nike.com/cn/t/sportswear-%E9%92%88%E7%BB%87%E5%B8%BD-Tqn81d/925422-010
Nike NRG AW84 Spectrum QS,BV3959-455,￥229,￥0,深宝蓝,['all'],"['强力速干，出色包覆', 'Nike NRG AW84 Spectrum QS 可调节运动帽采用速干面料，令你畅享干爽舒适的佩戴感受。', '其他细节', '背面可调式扣带打造个性化的贴合感', '五片式拼接设计，耐用舒适', '产品细节', '面料/里料：100% 聚酯纤维。\xa0', '手洗', '显示颜色： 深宝蓝', '款式： BV3959-455']",['https://c.static-nike.com/a/images/t_PDP_1280_v1/f_auto/isqr4lodmvn8mz3tafvz/nrg-aw84-spectrum-qs-可调节运动帽-G0FLXl.jpg'],可调节运动帽,41,womens,2,https://www.nike.com/cn/t/nrg-aw84-spectrum-qs-%E5%8F%AF%E8%B0%83%E8%8A%82%E8%BF%90%E5%8A%A8%E5%B8%BD-G0FLXl/BV3959-455
Nike NRG AW84 Spectrum QS,BV3959-547,￥229,￥0,庭紫,['all'],"['强力速干，出色包覆', 'Nike NRG AW84 Spectrum QS 可调节运动帽采用速干面料，令你畅享干爽舒适的佩戴感受。', '其他细节', '背面可调式扣带打造个性化的贴合感', '五片式拼接设计，耐用舒适', '产品细节', '面料/里料：100% 聚酯纤维。\xa0', '手洗', '显示颜色： 庭紫', '款式： BV3959-547']",['https://c.static-nike.com/a/images/t_PDP_1280_v1/f_auto/ssrctghfsrgsuqu7nppx/nrg-aw84-spectrum-qs-可调节运动帽-G0FLXl.jpg'],可调节运动帽,41,womens,2,https://www.nike.com/cn/t/nrg-aw84-spectrum-qs-%E5%8F%AF%E8%B0%83%E8%8A%82%E8%BF%90%E5%8A%A8%E5%B8%BD-G0FLXl/BV3959-547
Nike Sportswear Tailwind,AV4783-010,￥199,￥0,黑/迷彩绿,['all'],"['时尚设计，轻盈舒适', '当工装材料邂逅运动服风格，会擦出什么火花？Nike Sportswear Tailwind\xa0Camo\xa0运动帽采用轻质设计巧搭迷彩印花和 Carhartt 品牌标志。', '其他细节', '不易撕裂面料，轻盈耐用', '产品细节', 'Carhartt 品牌标志', '面料：100% 棉。上帽檐/拼接：100% 锦纶。前片里料：91% 聚酯纤维/9% 氨纶。', '手洗', '显示颜色： 黑/迷彩绿', '款式： AV4783-010', '敬请注意，同款但不同配色的商品有可能在材质等方面有些许差异，本页面中的商品介绍内容仅供参考，商品具体信息请以实物为准。如商品介绍内容中包含 Nike Flyknit 或气垫相关信息，请点击此', '，获取产品技术说明和穿着注意事项。']",['https://c.static-nike.com/a/images/t_PDP_1280_v1/f_auto/bvvrq4upbvnbnzlvjevj/sportswear-tailwind-camo-运动帽-cNPSDt.jpg'],Camo 运动帽,42,womens,2,https://www.nike.com/cn/t/sportswear-tailwind-camo-%E8%BF%90%E5%8A%A8%E5%B8%BD-cNPSDt
Nike Sportswear H86,891282-454,￥199,￥0,军械深海蓝/金属银,['all'],"['经典舒适', 'Nike Sportswear H86 可调节运动帽采用经典六片式拼接和可调式背面扣带设计，缔造专属舒适感。', '其他细节', '六片式拼接设计，经久耐用', '可调式背面扣带，定制专属舒适感', '刺绣孔眼设计，有效增强透气性', '产品细节', '敬请注意，同款但不同配色的商品有可能在材质等方面有些许差异，本页面中的商品介绍内容仅供参考，商品具体信息请以实物为准。如商品介绍内容中包含 Nike Flyknit 或气垫相关信息，请点击', '，获取产品技术说明和穿着注意事项。']",['https://c.static-nike.com/a/images/t_PDP_1280_v1/f_auto/ttc6rgqdaoghpfxtobie/sportswear-h86-可调节运动帽-Q2L8S7.jpg'],可调节运动帽,43,womens,2,https://www.nike.com/cn/t/sportswear-h86-%E5%8F%AF%E8%B0%83%E8%8A%82%E8%BF%90%E5%8A%A8%E5%B8%BD-Q2L8S7/891282-454
Nike Sportswear H86,891282-010,￥199,￥0,黑/金属银,['all'],"['经典舒适', 'Nike Sportswear H86 可调节运动帽采用经典六片式拼接和可调式背面扣带设计，缔造专属舒适感。', '其他细节', '六片式拼接设计，经久耐用', '可调式背面扣带，定制专属舒适感', '刺绣孔眼设计，有效增强透气性', '产品细节', '敬请注意，同款但不同配色的商品有可能在材质等方面有些许差异，本页面中的商品介绍内容仅供参考，商品具体信息请以实物为准。如商品介绍内容中包含 Nike Flyknit 或气垫相关信息，请点击', '，获取产品技术说明和穿着注意事项。']",['https://c.static-nike.com/a/images/t_PDP_1280_v1/f_auto/mwd5xnh2mv2ttyos171y/sportswear-h86-可调节运动帽-Q2L8S7.jpg'],可调节运动帽,43,womens,2,https://www.nike.com/cn/t/sportswear-h86-%E5%8F%AF%E8%B0%83%E8%8A%82%E8%BF%90%E5%8A%A8%E5%B8%BD-Q2L8S7/891282-010
巴黎圣日耳曼,AO8593-410,￥199,￥0,深藏青/挑战红,['all'],"['彰显球队风采', '巴黎圣日耳曼针织帽采用柔软针织面料，巧搭球队细节，在冷天中为你营造温暖舒适感受。', '其他细节', '产品细节', '产品细节', '顶部绒球', '面料：95% 腈纶/4% 锦纶/1% 其他纤维', '手洗', '显示颜色： 深藏青/挑战红', '款式： AO8593-410', '敬请注意，同款但不同配色的商品有可能在材质等方面有些许差异，本页面中的商品介绍内容仅供参考，商品具体信息请以实物为准。如商品介绍内容中包含 Nike Flyknit 或气垫相关信息，请点击', '，获取产品技术说明和穿着注意事项。']",['https://c.static-nike.com/a/images/t_PDP_1280_v1/f_auto/xmsnj0vkugp2i0yfrbog/巴黎圣日耳曼针织帽-1ttqbH.jpg'],针织帽,44,womens,2,https://www.nike.com/cn/t/%E5%B7%B4%E9%BB%8E%E5%9C%A3%E6%97%A5%E8%80%B3%E6%9B%BC%E9%92%88%E7%BB%87%E5%B8%BD-1ttqbH
Nike Sportswear Classic99 Futura Snapback,AV6720-014,￥199,￥0,黑/荧光黄,['all'],"['经典外观，透气设计', 'Nike Sportswear Classic99 Futura Snapback 可调节运动帽采用刺绣孔眼和 6 片式拼接设计，带来经典透气外观。', '其他细节', '六片式拼接设计，缔造经典外观', '刺绣孔眼提升透气效果', '产品细节', '敬请注意，同款但不同配色的商品有可能在材质等方面有些许差异，本页面中的商品介绍内容仅供参考，商品具体信息请以实物为准。如商品介绍内容中包含 Nike Flyknit 或气垫相关信息，请点击', '，获取产品技术说明和穿着注意事项。']",['https://c.static-nike.com/a/images/t_PDP_1280_v1/f_auto/ot0vogdvm82ajbwrcoma/sportswear-classic99-futura-snapback-可调节运动帽-PhSc8S.jpg'],可调节运动帽,45,womens,2,https://www.nike.com/cn/t/sportswear-classic99-futura-snapback-%E5%8F%AF%E8%B0%83%E8%8A%82%E8%BF%90%E5%8A%A8%E5%B8%BD-PhSc8S
Jordan Pro Shield,AA5748-072,￥299,￥0,浅骨色/白色,['all'],"['温暖包覆', 'Jordan Pro Shield 可调节运动帽采用耐用不易撕裂面料，巧搭经典细节和起绒耳部护翼，在寒冷天气中营造温暖包覆体验。', '其他细节', '不易撕裂面料经久耐用', '起绒耳部护翼，营造温暖包覆效果', '可调式设计，缔造专属贴合感', '产品细节', '敬请注意，同款但不同配色的商品有可能在材质等方面有些许差异，本页面中的商品介绍内容仅供参考，商品具体信息请以实物为准。如商品介绍内容中包含 Nike Flyknit 或气垫相关信息，请点击', '，获取产品技术说明和穿着注意事项。']",['https://c.static-nike.com/a/images/t_PDP_1280_v1/f_auto/pu5trpovr8bkwgegizce/jordan-pro-shield-可调节运动帽-Xqtsjj.jpg'],可调节运动帽,46,womens,2,https://www.nike.com/cn/t/jordan-pro-shield-%E5%8F%AF%E8%B0%83%E8%8A%82%E8%BF%90%E5%8A%A8%E5%B8%BD-Xqtsjj
Nike Logo,AC9667-010,￥109,￥0,黑/白色,['all'],"['弹性舒适 ', 'Nike Logo 头带（1 条）采用弹性结构搭配内侧硅胶设计，缔造稳固贴合的舒适佩戴体验。', '其他细节', '弹性材质设计，有助稳固头带', '富有纹理的硅胶设计，有效减少头发干扰脸部', '产品细节', '周长：约 44 厘米', '面料：聚酯纤维/锦纶/氨纶/硅胶', '可机洗', '显示颜色： 黑/白色', '款式： AC9667-010', '敬请注意，同款但不同配色的商品有可能在材质等方面有些许差异，本页面中的商品介绍内容仅供参考，商品具体信息请以实物为准。如商品介绍内容中包含 Nike Flyknit 或气垫相关信息，请点击此', '，获取产品技术说明和穿着注意事项。']",['https://c.static-nike.com/a/images/t_PDP_1280_v1/f_auto/ot11dc2dqfpazdcemnih/logo-头带（1-条）-pm0qzW.jpg'],头带（1 条）,47,womens,2,https://www.nike.com/cn/t/logo-%E5%A4%B4%E5%B8%A6%EF%BC%881-%E6%9D%A1%EF%BC%89-pm0qzW
巴萨,AO8589-455,￥199,￥0,深宝蓝/贵族红,['all'],"['彰显球队风采', '巴萨针织帽采用柔软针织面料，巧搭球队细节，在冷天中为你营造温暖舒适感受。', '其他细节', '产品细节', '产品细节', '顶部绒球', '面料：95% 腈纶/4% 锦纶/1% 其他纤维', '手洗', '显示颜色： 深宝蓝/贵族红', '款式： AO8589-455', '\xa0', '敬请注意，同款但不同配色的商品有可能在材质等方面有些许差异，本页面中的商品介绍内容仅供参考，商品具体信息请以实物为准。如商品介绍内容中包含 Nike Flyknit 或气垫相关信息，请点击', '，获取产品技术说明和穿着注意事项。']",['https://c.static-nike.com/a/images/t_PDP_1280_v1/f_auto/pivgaudbbkmyv7ye8t0x/巴萨针织帽-2hbDP6.jpg'],针织帽,48,womens,2,https://www.nike.com/cn/t/%E5%B7%B4%E8%90%A8%E9%92%88%E7%BB%87%E5%B8%BD-2hbDP6
Nike AeroBill Pro,891286-010,￥249,￥0,黑/黑/白色,['all'],"['透气舒适', 'Nike AeroBill Pro 可调节运动帽采用穿孔拼接和可调式设计，打造凉爽的个性化舒适体验。', '其他细节', 'Nike AeroBill 技术，实现出众透气性和舒适速干性', '可调式按扣设计，打造专属舒适感', '六片式拼接设计，实现出色耐用性', '产品细节', '面料/拼接背面部分：100% 聚酯纤维。前片拼接（背面）：92% 聚酯纤维/8% 棉。', '手洗', '显示颜色： 黑/黑/白色', '款式： 891286-010', '敬请注意，同款但不同配色的商品有可能在材质等方面有些许差异，本页面中的商品介绍内容仅供参考，商品具体信息请以实物为准。如商品介绍内容中包含 Nike Flyknit 或气垫相关信息，请点击', '，获取产品技术说明和穿着注意事项。']",['https://c.static-nike.com/a/images/t_PDP_1280_v1/f_auto/jnh3xj5cb2jvgpdrnmyo/aerobill-pro-可调节运动帽-ZhVZn1.jpg'],可调节运动帽,49,womens,2,https://www.nike.com/cn/t/aerobill-pro-%E5%8F%AF%E8%B0%83%E8%8A%82%E8%BF%90%E5%8A%A8%E5%B8%BD-ZhVZn1
Nike Sportswear True AF-1,891298-011,￥199,￥0,黑/荧光黄,['all'],"['专属舒适', 'Nike Sportswear True AF-1 可调节运动帽采用经典六片式拼接和背面按扣设计，打造专属舒适感。', '其他细节', '背面按扣式扣带设计，缔造专属舒适感', '刺绣孔眼，有效提升透气性', '耐用六片式拼接设计', '产品细节', '面料/前片拼接（正面）：100% 聚酯纤维。前片拼接（背面）：80% 聚酯纤维/20% 棉。下帽檐：100% 棉。', '手洗', '显示颜色： 黑/荧光黄', '款式： 891298-011', '敬请注意，同款但不同配色的商品有可能在材质等方面有些许差异，本页面中的商品介绍内容仅供参考，商品具体信息请以实物为准。如商品介绍内容中包含 Nike Flyknit 或气垫相关信息，请点击此', '，获取产品技术说明和穿着注意事项。']",['https://c.static-nike.com/a/images/t_PDP_1280_v1/f_auto/avsv54aqrgosdsefu6tm/sportswear-true-af-1-可调节运动帽-RC3tRH.jpg'],可调节运动帽,50,womens,2,https://www.nike.com/cn/t/sportswear-true-af-1-%E5%8F%AF%E8%B0%83%E8%8A%82%E8%BF%90%E5%8A%A8%E5%B8%BD-RC3tRH/891298-011
Nike Sportswear True AF-1,891298-454,￥199,￥0,军械深海蓝/黑,['all'],"['专属舒适', 'Nike Sportswear True AF-1 可调节运动帽采用经典六片式拼接和背面按扣设计，打造专属舒适感。', '其他细节', '背面按扣式扣带设计，缔造专属舒适感', '刺绣孔眼，有效提升透气性', '耐用六片式拼接设计', '产品细节', '面料/前片拼接（正面）：100% 聚酯纤维。前片拼接（背面）：80% 聚酯纤维/20% 棉。下帽檐：100% 棉。', '手洗', '显示颜色： 军械深海蓝/黑', '款式： 891298-454', '敬请注意，同款但不同配色的商品有可能在材质等方面有些许差异，本页面中的商品介绍内容仅供参考，商品具体信息请以实物为准。如商品介绍内容中包含 Nike Flyknit 或气垫相关信息，请点击此', '，获取产品技术说明和穿着注意事项。']",['https://c.static-nike.com/a/images/t_PDP_1280_v1/f_auto/nfjoiwkumtsplrmlemlz/sportswear-true-af-1-可调节运动帽-RC3tRH.jpg'],可调节运动帽,50,womens,2,https://www.nike.com/cn/t/sportswear-true-af-1-%E5%8F%AF%E8%B0%83%E8%8A%82%E8%BF%90%E5%8A%A8%E5%B8%BD-RC3tRH/891298-454
Nike F.C. Classic 99,AJ6511-011,￥199,￥0,黑/白色,['all'],"['休闲舒适', 'Nike F.C. Classic 99 可调节运动帽采用耐用六片式拼接和可调节扣合设计，缔造专属舒适感。', '其他细节', '经典六片式拼接设计，结实耐久', '可调节按扣式扣带，定制专属舒适感', '刺绣孔眼和网眼后拼接设计，提升透气性', '产品细节', '面料：前片拼接（正面）/帽檐：100% 棉。前片拼接（背面）/侧拼接/后拼接：100% 聚酯纤维。', '手洗', '显示颜色： 黑/白色', '款式： AJ6511-011', '敬请注意，同款但不同配色的商品有可能在材质等方面有些许差异，本页面中的商品介绍内容仅供参考，商品具体信息请以实物为准。如商品介绍内容中包含 Nike Flyknit 或气垫相关信息，请点击', '，获取产品技术说明和穿着注意事项。']",['https://c.static-nike.com/a/images/t_PDP_1280_v1/f_auto/aqvthnve4xvqcttxztws/f-c-classic-99-可调节运动帽-ls06tM.jpg'],可调节运动帽,51,womens,2,https://www.nike.com/cn/t/f-c-classic-99-%E5%8F%AF%E8%B0%83%E8%8A%82%E8%BF%90%E5%8A%A8%E5%B8%BD-ls06tM/AJ6511-011
Nike F.C. Classic 99,AJ6511-010,￥199,￥0,黑/黑,['all'],"['休闲舒适', 'Nike F.C. Classic 99 可调节运动帽采用耐用六片式拼接和可调节扣合设计，缔造专属舒适感。', '其他细节', '经典六片式拼接设计，结实耐久', '可调节按扣式扣带，定制专属舒适感', '刺绣孔眼和网眼后拼接设计，提升透气性', '产品细节', '面料：前片拼接（正面）/帽檐：100% 棉。前片拼接（背面）/侧拼接/后拼接：100% 聚酯纤维。', '手洗', '显示颜色： 黑/黑', '款式： AJ6511-010', '敬请注意，同款但不同配色的商品有可能在材质等方面有些许差异，本页面中的商品介绍内容仅供参考，商品具体信息请以实物为准。如商品介绍内容中包含 Nike Flyknit 或气垫相关信息，请点击', '，获取产品技术说明和穿着注意事项。']",['https://c.static-nike.com/a/images/t_PDP_1280_v1/f_auto/yknq5ij12hwzrvi5rpvt/f-c-classic-99-可调节运动帽-ls06tM.jpg'],可调节运动帽,51,womens,2,https://www.nike.com/cn/t/f-c-classic-99-%E5%8F%AF%E8%B0%83%E8%8A%82%E8%BF%90%E5%8A%A8%E5%B8%BD-ls06tM/AJ6511-010
切尔西,AO8588-495,￥199,￥0,灯草蓝/灯草蓝,['all'],"['彰显球队风采', '切尔西针织帽采用柔软针织面料，巧搭球队细节，在冷天中为你营造温暖舒适感受。', '其他细节', '产品细节', '产品细节', '顶部绒球', '面料：95% 腈纶/4% 锦纶/1% 其他纤维', '手洗', '显示颜色： 灯草蓝/灯草蓝', '款式： AO8588-495', '敬请注意，同款但不同配色的商品有可能在材质等方面有些许差异，本页面中的商品介绍内容仅供参考，商品具体信息请以实物为准。如商品介绍内容中包含 Nike Flyknit 或气垫相关信息，请点击', '，获取产品技术说明和穿着注意事项。']",['https://c.static-nike.com/a/images/t_PDP_1280_v1/f_auto/uoz8jgpd52b4m708o9z4/切尔西针织帽-QQbv64.jpg'],针织帽,52,womens,2,https://www.nike.com/cn/t/%E5%88%87%E5%B0%94%E8%A5%BF%E9%92%88%E7%BB%87%E5%B8%BD-QQbv64
Nike Sportswear Heritage86,AA9969-478,￥199,￥0,空间蓝/哈瓦那红/哈瓦那红/白色,['all'],"['柔软耐穿，斜纹设计，出众包覆', 'Nike Sportswear Heritage86\xa0女子可调节运动帽采用斜纹棉料，营造非凡舒适感受。背面可调节设计，打造专属贴合感。', '其他细节', '产品细节', '产品细节', '面料：100% 棉。下帽檐：100% 聚酯纤维。前片里料：65% 聚酯纤维/35% 棉。', '手洗', '显示颜色： 空间蓝/哈瓦那红/哈瓦那红/白色', '款式： AA9969-478', '敬请注意，同款但不同配色的商品有可能在材质等方面有些许差异，本页面中的商品介绍内容仅供参考，商品具体信息请以实物为准。如商品介绍内容中包含 Nike Flyknit 或气垫相关信息，请点击', '，获取产品技术说明和穿着注意事项。']",['https://c.static-nike.com/a/images/t_PDP_1280_v1/f_auto/bmxkiyucgllglsefeiq0/sportswear-heritage86-女子可调节运动帽-CpG43P.jpg'],女子可调节运动帽,53,womens,2,https://www.nike.com/cn/t/sportswear-heritage86-%E5%A5%B3%E5%AD%90%E5%8F%AF%E8%B0%83%E8%8A%82%E8%BF%90%E5%8A%A8%E5%B8%BD-CpG43P
巴萨 Nike Dri-FIT,AV7888-451,￥199,￥0,黑曜石色,['all'],"['代表你的球队', '巴萨 Nike Dri-FIT 可调节运动帽采用速干面料，无论是看台助威还是街头出行，皆可营造干爽舒适的佩戴体验。背面搭配扣带设计，塑就可轻松调节的贴合感受。', '其他细节', 'Dri-FIT 技术，帮助保持干爽舒适，缔造心无旁骛的运动体验', '魔术贴粘扣式固定带，定制专属贴合感', '刺绣孔眼，提升透气效果', '产品细节', '面料：100% 聚酯纤维。前片拼接（背面）：65% 聚酯纤维/35% 棉。', '手洗', '显示颜色： 黑曜石色', '款式： AV7888-451', '敬请注意，同款但不同配色的商品有可能在材质等方面有些许差异，本页面中的商品介绍内容仅供参考，商品具体信息请以实物为准。如商品介绍内容中包含 Nike Flyknit 或气垫相关信息，请点击此', '，获取产品技术说明和穿着注意事项。']",['https://c.static-nike.com/a/images/t_PDP_1280_v1/f_auto/h820n4gdegvh61aylm6d/巴萨-dri-fit-可调节运动帽-pKVvxN.jpg'],可调节运动帽,54,womens,2,https://www.nike.com/cn/t/%E5%B7%B4%E8%90%A8-dri-fit-%E5%8F%AF%E8%B0%83%E8%8A%82%E8%BF%90%E5%8A%A8%E5%B8%BD-pKVvxN
Nike Sportswear Tailwind Floral,AV6717-475,￥229,￥0,暗蓝黑/白色,['all'],"['花卉魅力', '戴上 Nike Sportswear Tailwind Floral\xa0可调节运动帽，为你的造型添上点睛之笔。采用轻盈聚酯纤维面料，舒适非凡，花卉印花为你的造型增添醒目感和热带格调。', '其他细节', '聚酯纤维面料，轻盈透气', '背面扣带搭配夹扣设计，打造稳固的个性化贴合感', '正面饰有丝网印制的 Nike 块状标志', '花卉印花设计，带来别样街头风采', '产品细节', '面料：100% 聚酯纤维。里料：91% 聚酯纤维/9% 氨纶。', '手洗', '显示颜色： 暗蓝黑/白色', '款式： AV6717-475', '敬请注意，同款但不同配色的商品有可能在材质等方面有些许差异，本页面中的商品介绍内容仅供参考，商品具体信息请以实物为准。如商品介绍内容中包含 Nike Flyknit 或气垫相关信息，请点击此', '，获取产品技术说明和穿着注意事项。', '\n\xa0']",['https://c.static-nike.com/a/images/t_PDP_1280_v1/f_auto/rmckx3v5iy6yyngghqab/sportswear-tailwind-floral-可调节运动帽-BJ1Lmt.jpg'],可调节运动帽,55,womens,2,https://www.nike.com/cn/t/sportswear-tailwind-floral-%E5%8F%AF%E8%B0%83%E8%8A%82%E8%BF%90%E5%8A%A8%E5%B8%BD-BJ1Lmt/AV6717-475
Nike Sportswear Tailwind Floral,AV6717-072,￥229,￥0,浅骨色,['all'],"['花卉魅力', '戴上 Nike Sportswear Tailwind Floral\xa0可调节运动帽，为你的造型添上点睛之笔。采用轻盈聚酯纤维面料，舒适非凡，花卉印花为你的造型增添醒目感和热带格调。', '其他细节', '聚酯纤维面料，轻盈透气', '背面扣带搭配夹扣设计，打造稳固的个性化贴合感', '正面饰有丝网印制的 Nike 块状标志', '花卉印花设计，带来别样街头风采', '产品细节', '面料：100% 聚酯纤维。里料：91% 聚酯纤维/9% 氨纶。', '手洗', '显示颜色： 浅骨色', '款式： AV6717-072', '敬请注意，同款但不同配色的商品有可能在材质等方面有些许差异，本页面中的商品介绍内容仅供参考，商品具体信息请以实物为准。如商品介绍内容中包含 Nike Flyknit 或气垫相关信息，请点击此', '，获取产品技术说明和穿着注意事项。', '\n\xa0']",['https://c.static-nike.com/a/images/t_PDP_1280_v1/f_auto/jksckzpjzvzi8e6isbiv/sportswear-tailwind-floral-可调节运动帽-BJ1Lmt.jpg'],可调节运动帽,55,womens,2,https://www.nike.com/cn/t/sportswear-tailwind-floral-%E5%8F%AF%E8%B0%83%E8%8A%82%E8%BF%90%E5%8A%A8%E5%B8%BD-BJ1Lmt/AV6717-072
Nike Sportswear Heritage86 Hyper Femme,AV6887-891,￥249,￥0,队橙,['all'],"['花卉魅力', '戴上 Nike Sportswear Heritage86 Hyper Femme\xa0女子运动帽，带来夺目外观。生机盎然的花卉印花和颜色，尽显应季魅力。', '其他细节', '双面针织面料，顺滑耐穿', '可调式背面固定带，打造个性贴合体验', '刺绣孔眼，提升透气效果', '产品细节', '面料：100% 聚酯纤维。前片里料拼接：65% 聚酯纤维/35% 棉。', '手洗', '显示颜色： 队橙', '款式： AV6887-891', '敬请注意，同款但不同配色的商品有可能在材质等方面有些许差异，本页面中的商品介绍内容仅供参考，商品具体信息请以实物为准。如商品介绍内容中包含 Nike Flyknit 或气垫相关信息，请点击此', '，获取产品技术说明和穿着注意事项。']",['https://c.static-nike.com/a/images/t_PDP_1280_v1/f_auto/ylkewlwgg3c9dsujyw6z/sportswear-heritage86-hyper-femme-女子运动帽-h7Kj6D.jpg'],女子运动帽,56,womens,2,https://www.nike.com/cn/t/sportswear-heritage86-hyper-femme-%E5%A5%B3%E5%AD%90%E8%BF%90%E5%8A%A8%E5%B8%BD-h7Kj6D
NikeLab Gyakusou,920401-570,￥459,￥0,墨紫,['all'],"['温暖随行', 'NikeLab Gyakusou 男/女针织帽采用针织面料，令你在跑步过程中保持头部干爽舒适。', '\n', '有效遮阳', '短檐设计优化遮阳效果，背面 Gyakusou 提花图案塑就耀眼风范。', '其他细节', '正面添加反光热转印标志，塑就醒目外观', '面料/里料：76% 聚酯纤维/19% 棉/4% 锦纶/1% 其他纤维', '\n', '手洗', '显示颜色： 墨紫', '款式： 920401-570', '关于 NikeLab Gyakusou 系列', '作为一名跑步爱好者和品牌 Undercover 的创始人，高桥盾为跑步运动服饰注入其特有的设计元素。 NikeLab Gyakusou 系列通过 Nike 创意视角，凸显高桥盾桀骜不驯的设计个性和美学理念。 Gyakusou 在日语中意为“逆向奔跑”，助力跑者获得心无旁骛的奔跑体验。', '敬请注意，同款但不同配色的商品有可能在材质等方面有些许差异，本页面中的商品介绍内容仅供参考，商品具体信息请以实物为准。']",['https://c.static-nike.com/a/images/t_PDP_1280_v1/f_auto/mowdxfvlpwjsfjaw5glv/nikelab-gyakusou-男-女针织帽-5RYoxR.jpg'],男/女针织帽,57,womens,2,https://www.nike.com/cn/t/nikelab-gyakusou-%E7%94%B7-%E5%A5%B3%E9%92%88%E7%BB%87%E5%B8%BD-5RYoxR/920401-570
NikeLab Gyakusou,920401-010,￥459,￥0,黑,['all'],"['温暖随行', 'NikeLab Gyakusou 男/女针织帽采用针织面料，令你在跑步过程中保持头部干爽舒适。', '\n', '有效遮阳', '短檐设计优化遮阳效果，背面 Gyakusou 提花图案塑就耀眼风范。', '其他细节', '正面添加反光热转印标志，塑就醒目外观', '面料/里料：76% 聚酯纤维/19% 棉/4% 锦纶/1% 其他纤维', '手洗', '显示颜色： 黑', '款式： 920401-010', '关于 NikeLab Gyakusou 系列', '作为一名跑步爱好者和品牌 Undercover 的创始人，高桥盾为跑步运动服饰注入其特有的设计元素。 NikeLab Gyakusou 系列通过 Nike 创意视角，凸显高桥盾桀骜不驯的设计个性和美学理念。 Gyakusou 在日语中意为“逆向奔跑”，助力跑者获得心无旁骛的奔跑体验。', '敬请注意，同款但不同配色的商品有可能在材质等方面有些许差异，本页面中的商品介绍内容仅供参考，商品具体信息请以实物为准。']",['https://c.static-nike.com/a/images/t_PDP_1280_v1/f_auto/eussxvjvbbieistsc1ur/nikelab-gyakusou-男-女针织帽-5RYoxR.jpg'],男/女针织帽,57,womens,2,https://www.nike.com/cn/t/nikelab-gyakusou-%E7%94%B7-%E5%A5%B3%E9%92%88%E7%BB%87%E5%B8%BD-5RYoxR/920401-010
NikeCourt RF AeroBill H86,AH6985-100,￥79,￥169,白色/白色/黑,['all'],"['轻盈舒适', 'NikeCourt RF AeroBill H86 可调节运动帽采用轻盈速干面料，助你畅享清凉干爽、非凡舒适体验。', '其他细节', 'Dri-FIT 技术，有助于保持干爽舒适', 'AeroBill 科技，缔造轻盈透气表现', '刺绣孔眼，有效提升透气性', '可调节后部设计，打造专属舒适体验', '产品细节', '面料/里料/帽檐：100% 聚酯纤维', '\n', '手洗', '显示颜色： 白色/白色/黑', '款式： AH6985-100', '敬请注意，同款但不同配色的商品有可能在材质等方面有些许差异，本页面中的商品介绍内容仅供参考，商品具体信息请以实物为准。如商品介绍内容中包含 Nike Flyknit 或气垫相关信息，请点击', '，获取产品技术说明和穿着注意事项。']",['https://c.static-nike.com/a/images/t_PDP_1280_v1/f_auto/xlypszqou3jhmdgtcc7f/nikecourt-rf-aerobill-h86-可调节运动帽-TJBvCD.jpg'],可调节运动帽,58,womens,2,https://www.nike.com/cn/t/nikecourt-rf-aerobill-h86-%E5%8F%AF%E8%B0%83%E8%8A%82%E8%BF%90%E5%8A%A8%E5%B8%BD-TJBvCD/AH6985-100
NikeCourt RF AeroBill H86,AH6985-010,￥79,￥169,黑/黑/白色,['all'],"['轻盈舒适', 'NikeCourt RF AeroBill H86 可调节运动帽采用轻盈速干面料，助你畅享清凉干爽、非凡舒适体验。', '其他细节', 'Dri-FIT 技术，有助于保持干爽舒适', 'AeroBill 科技，缔造轻盈透气表现', '刺绣孔眼，有效提升透气性', '可调节后部设计，打造专属舒适体验', '产品细节', '面料/里料/帽檐：100% 聚酯纤维', '\n', '手洗', '显示颜色： 黑/黑/白色', '款式： AH6985-010', '敬请注意，同款但不同配色的商品有可能在材质等方面有些许差异，本页面中的商品介绍内容仅供参考，商品具体信息请以实物为准。如商品介绍内容中包含 Nike Flyknit 或气垫相关信息，请点击', '，获取产品技术说明和穿着注意事项。']",['https://c.static-nike.com/a/images/t_PDP_1280_v1/f_auto/g2pbri9tdbj4fwylq9dj/nikecourt-rf-aerobill-h86-可调节运动帽-TJBvCD.jpg'],可调节运动帽,58,womens,2,https://www.nike.com/cn/t/nikecourt-rf-aerobill-h86-%E5%8F%AF%E8%B0%83%E8%8A%82%E8%BF%90%E5%8A%A8%E5%B8%BD-TJBvCD/AH6985-010
Nike Air,891299-010,￥159,￥199,黑/黑/黑/白色,['all'],"['专属舒适', 'Nike Air 可调节运动帽采用网眼后拼接和背面按扣式扣带设计，为你打造出色透气性和专属舒适体验。', '其他细节', '网眼后拼接，透气性出众', '背面按扣式扣带设计，缔造专属舒适感', '耐用五片式拼接设计', '产品细节', '面料：棉/聚酯纤维。前片拼接（背面）：聚酯纤维/棉。网眼布：聚酯纤维。', '手洗', '显示颜色： 黑/黑/黑/白色', '款式： 891299-010']",['https://c.static-nike.com/a/images/t_PDP_1280_v1/f_auto/hm2pr36vfvgrq1p0fkl5/air-可调节运动帽-5lbM8M.jpg'],可调节运动帽,59,womens,2,https://www.nike.com/cn/t/air-%E5%8F%AF%E8%B0%83%E8%8A%82%E8%BF%90%E5%8A%A8%E5%B8%BD-5lbM8M
"Jordan Pro ""He Got Game"" XIII",AA1314-010,￥169,￥249,黑/白色,['all'],"['休闲舒适', 'Jordan Pro ""He Got Game"" XIII 可调节运动帽采用经典六片式拼接设计，匠心融入经典细节，塑就出色耐用性和舒适感。', '其他细节', '六片式拼接设计，缔造经典贴合感', '刺绣孔眼，提升透气效果', '背面可调节扣合设计，打造专属舒适感', '产品细节', '敬请注意，同款但不同配色的商品有可能在材质等方面有些许差异，本页面中的商品介绍内容仅供参考，商品具体信息请以实物为准。如商品介绍内容中包含 Nike Flyknit 或气垫相关信息，请点击', '，获取产品技术说明和穿着注意事项。']",['https://c.static-nike.com/a/images/t_PDP_1280_v1/f_auto/mnaijechdpeptqczag2g/jordan-pro-he-got-game-13-可调节运动帽-ZvW890.jpg'],可调节运动帽,60,womens,2,https://www.nike.com/cn/t/jordan-pro-he-got-game-13-%E5%8F%AF%E8%B0%83%E8%8A%82%E8%BF%90%E5%8A%A8%E5%B8%BD-ZvW890/AA1314-010
"Jordan Pro ""He Got Game"" XIII",AA1314-405,￥169,￥249,皇家蓝/白色,['all'],"['休闲舒适', 'Jordan Pro ""He Got Game"" XIII 可调节运动帽采用经典六片式拼接设计，匠心融入经典细节，塑就出色耐用性和舒适感。', '其他细节', '六片式拼接设计，缔造经典贴合感', '刺绣孔眼，提升透气效果', '背面可调节扣合设计，打造专属舒适感', '产品细节', '敬请注意，同款但不同配色的商品有可能在材质等方面有些许差异，本页面中的商品介绍内容仅供参考，商品具体信息请以实物为准。如商品介绍内容中包含 Nike Flyknit 或气垫相关信息，请点击', '，获取产品技术说明和穿着注意事项。']",['https://c.static-nike.com/a/images/t_PDP_1280_v1/f_auto/mboa2ityluv5vsvdwy84/jordan-pro-he-got-game-13-可调节运动帽-ZvW890.jpg'],可调节运动帽,60,womens,2,https://www.nike.com/cn/t/jordan-pro-he-got-game-13-%E5%8F%AF%E8%B0%83%E8%8A%82%E8%BF%90%E5%8A%A8%E5%B8%BD-ZvW890/AA1314-405
"Jordan Pro ""He Got Game"" XIII",AA1314-091,￥169,￥249,碳素灰/大学红,['all'],"['休闲舒适', 'Jordan Pro ""He Got Game"" XIII 可调节运动帽采用经典六片式拼接设计，匠心融入经典细节，塑就出色耐用性和舒适感。', '其他细节', '六片式拼接设计，缔造经典贴合感', '刺绣孔眼，提升透气效果', '背面可调节扣合设计，打造专属舒适感', '产品细节', '敬请注意，同款但不同配色的商品有可能在材质等方面有些许差异，本页面中的商品介绍内容仅供参考，商品具体信息请以实物为准。如商品介绍内容中包含 Nike Flyknit 或气垫相关信息，请点击', '，获取产品技术说明和穿着注意事项。']",['https://c.static-nike.com/a/images/t_PDP_1280_v1/f_auto/nd28sm7lflar3ubre1ln/jordan-pro-he-got-game-13-可调节运动帽-ZvW890.jpg'],可调节运动帽,60,womens,2,https://www.nike.com/cn/t/jordan-pro-he-got-game-13-%E5%8F%AF%E8%B0%83%E8%8A%82%E8%BF%90%E5%8A%A8%E5%B8%BD-ZvW890/AA1314-091
